date_local,PM2.5,avgtempC,avgtempF,winddirDegree,windspeedKmph,windspeedMiles,cloudcover,humidity,precipInches,precipMM,pressure,visibility,maxtempC,maxtempF,mintempC,mintempF,sunHour,uvIndex,NO2,SO,PM10
2015-01-06,8.5,9,49,208,10,6,6,56,0.0,0.0,1028,10,17,63,4,39,8.7,1,28.395833000000003,0.43333299999999997,28.0
2015-01-12,7.2,6,42,110,14,9,34,79,0.0,0.0,1025,10,8,47,4,39,8.7,1,7.883333,0.120833,10.0
2015-01-18,6.0,13,55,230,12,8,13,46,0.0,0.0,1025,10,19,67,8,46,8.7,1,23.45,0.2,22.0
2015-01-24,7.6,8,46,266,12,8,31,60,0.0,0.0,1022,10,15,59,3,37,10.8,1,11.670833,0.05714299999999999,16.0
2015-01-30,6.1,11,52,48,19,12,54,55,0.0,0.0,1028,10,13,56,9,47,8.5,1,15.982353,0.6,15.0
2015-02-05,9.7,5,41,274,17,11,39,67,0.0,0.0,1028,10,8,47,3,37,8.5,1,6.075,0.116667,14.0
2015-02-11,11.3,16,60,145,11,7,2,62,0.0,0.0,1016,10,23,73,9,48,11.0,1,25.741667,0.2,23.0
2015-02-17,6.8,5,40,160,16,10,39,51,0.0,0.1,1023,10,11,52,1,34,10.1,1,12.1625,0.0041670000000000006,13.0
2015-03-01,8.5,3,38,57,18,11,100,87,0.0,0.3,1025,9,5,42,1,34,5.9,1,6.640909,0.4,9.0
2015-03-07,10.0,8,47,125,7,5,32,51,0.0,0.0,1029,10,14,57,3,37,11.6,1,32.2125,0.343478,23.0
2015-03-13,6.4,14,58,145,13,8,59,73,0.0,0.7,1018,9,19,67,10,50,8.8,1,10.466667,0.333333,19.0
2015-03-19,10.2,21,69,177,13,8,72,85,0.1,3.0,1014,8,26,78,18,64,8.8,1,16.2875,0.44761899999999993,11.0
2015-03-25,5.0,20,68,179,20,12,33,82,0.0,0.0,1013,9,26,80,15,60,10.2,1,15.608332999999998,0.541667,19.0
2015-03-31,8.7,20,69,193,20,12,83,85,0.0,0.1,1016,10,23,73,18,64,7.5,1,14.0,0.2,24.0
2015-04-06,11.1,22,72,175,21,13,63,83,0.0,0.1,1013,9,27,81,18,64,10.2,1,11.7,0.6,23.0
2015-04-12,12.5,21,70,155,12,7,82,86,0.1,2.0,1012,6,26,79,18,64,6.3,1,11.38,0.0,21.0
2015-04-18,5.6,20,69,101,6,4,74,86,0.0,0.3,1011,6,24,75,18,65,7.8,1,13.441667,0.1,13.0
2015-04-24,17.2,24,75,162,16,10,64,84,0.1,2.3,1009,9,28,82,21,69,9.6,1,13.604167000000002,0.1,30.0
2015-04-30,9.4,18,65,193,8,5,3,51,0.0,0.0,1015,10,26,78,11,53,13.6,1,24.765217,0.4,24.0
2015-05-06,8.8,24,74,164,18,11,68,83,0.3,8.5,1013,8,28,82,20,67,9.7,1,13.254167,0.404167,23.0
2015-05-12,6.1,19,66,48,16,10,93,94,0.0,0.4,1020,10,20,68,18,65,8.6,1,13.55,-0.116667,11.0
2015-05-30,5.5,25,77,246,9,6,34,80,0.2,5.4,1016,9,29,84,22,71,14.0,1,9.925,0.147826,14.0
2015-06-05,8.6,26,78,168,9,6,29,74,0.0,0.1,1016,8,31,87,22,71,13.4,1,19.345833,0.43333299999999997,20.0
2015-06-11,5.6,27,81,180,17,11,24,68,0.0,0.0,1009,9,32,90,22,72,14.0,1,11.179167,0.070588,17.0
2015-07-05,18.3,27,81,178,20,12,49,76,0.0,1.2,1016,9,32,90,23,73,12.2,1,5.605,0.1,53.0
2015-07-11,17.7,27,81,184,11,7,9,66,0.0,0.0,1019,9,33,92,22,71,14.0,1,9.641667,0.3,50.0
2015-07-17,7.9,29,84,184,17,10,25,66,0.0,0.0,1013,9,36,96,24,75,13.3,1,9.879167,0.2,25.0
2015-07-23,13.8,30,85,185,19,12,10,60,0.0,0.0,1014,10,37,99,23,74,13.9,1,9.916667,0.508333,35.0
2015-07-29,15.8,30,86,171,10,7,17,57,0.0,0.0,1015,9,37,99,23,73,13.3,1,12.094118,0.2,41.0
2015-08-04,16.4,30,86,188,13,8,27,58,0.0,0.1,1013,10,35,95,25,76,13.3,1,11.775,0.225,47.0
2015-08-10,9.7,31,88,159,11,7,6,51,0.0,0.0,1013,9,39,102,23,74,13.6,1,15.525,0.3,27.0
2015-08-16,13.8,29,85,140,10,6,11,54,0.1,2.2,1014,10,36,96,23,74,13.5,1,16.172727,0.5,24.0
2015-08-22,8.3,30,85,177,17,11,14,61,0.0,0.0,1013,10,37,98,23,74,11.6,1,9.454167,0.31304299999999996,21.0
2015-08-28,14.6,29,84,191,12,7,15,40,0.0,0.0,1015,10,35,96,23,73,11.6,1,19.965217000000003,1.008333,40.0
2015-09-03,3.7,27,81,94,8,5,45,67,0.1,1.3,1012,10,33,91,23,73,8.9,1,18.829167,0.1,19.0
2015-09-09,7.1,28,83,220,9,6,31,67,0.3,7.0,1012,10,33,91,24,75,10.2,1,11.879167,0.44736800000000004,20.0
2015-09-15,6.5,26,78,132,11,7,62,76,0.1,2.9,1016,9,32,90,21,71,7.5,1,17.283333,0.1,21.0
2015-09-27,15.4,26,79,146,10,6,15,46,0.0,0.1,1012,10,32,90,21,70,11.6,1,17.705,0.245833,30.0
2015-10-21,7.8,24,75,119,19,12,71,79,0.1,1.3,1017,9,29,84,21,69,5.7,1,15.179167000000001,0.4,29.0
2015-10-27,5.9,20,68,275,11,7,3,63,0.0,0.0,1011,10,26,79,14,58,8.7,1,15.191667,0.1,18.0
2015-11-08,4.5,14,57,21,18,11,29,73,0.0,0.0,1023,10,18,64,11,52,8.7,1,6.2,0.6,11.0
2015-11-14,7.6,14,57,125,9,6,47,63,0.0,0.7,1025,10,16,62,13,55,8.7,1,16.1875,0.4,16.0
2015-11-26,3.9,20,69,148,19,12,99,94,0.1,2.9,1019,9,23,73,18,64,3.8,1,9.1375,0.0125,12.0
2015-12-02,6.0,11,52,178,12,7,4,65,0.0,0.0,1021,10,17,62,6,42,8.7,1,12.408333,0.4,18.0
2015-12-20,6.5,12,54,217,15,9,58,67,0.0,0.1,1018,9,17,62,9,49,5.4,1,13.725,0.3125,16.0
2015-12-26,10.2,22,72,163,28,17,97,93,0.4,9.9,1007,9,24,75,21,70,3.8,1,4.420833,0.5,18.0
2016-01-01,7.7,7,45,59,22,14,58,70,0.0,0.0,1031,10,8,47,6,43,8.7,1,3.925,0.0,9.0
2016-01-07,8.4,13,56,257,10,6,22,79,0.0,0.0,1012,8,20,68,8,47,8.7,1,15.125,0.625,16.0
2016-01-13,12.7,11,52,208,13,8,26,73,0.0,0.0,1021,10,17,63,7,44,8.7,1,31.904166999999998,0.7,28.0
2016-01-19,8.2,12,54,184,18,11,42,81,0.0,0.0,1022,10,18,65,7,44,7.1,1,24.941667000000002,0.2,21.0
2016-01-25,9.1,16,61,186,14,8,56,75,0.0,0.0,1013,10,21,71,13,56,10.0,1,16.129167000000002,0.6,23.0
2016-01-31,10.5,18,65,207,17,11,31,71,0.0,0.0,1009,10,27,80,14,57,10.8,1,17.604545,0.4,22.0
2016-02-12,10.5,17,63,134,14,8,0,54,0.0,0.0,1022,10,24,76,11,51,11.0,1,18.404545000000002,0.804167,28.0
2016-02-18,7.9,17,62,176,22,14,10,71,0.0,0.0,1021,10,25,76,10,50,11.1,1,17.2,0.1375,21.0
2016-02-24,6.7,11,51,316,21,13,3,48,0.0,0.0,1021,10,16,62,7,44,11.2,1,9.070833,0.029167000000000002,72.0
2016-03-01,6.9,20,68,151,24,15,38,71,0.0,0.1,1016,10,25,77,16,61,11.6,1,6.704167,0.2,26.0
2016-03-07,7.7,19,66,160,28,17,99,91,0.1,1.9,1010,9,21,70,16,61,5.9,1,8.591667,0.1,21.0
2016-03-13,8.5,20,68,226,19,12,8,61,0.0,0.0,1009,10,27,81,14,57,11.6,1,12.74,0.0,21.0
2016-03-19,5.7,12,53,55,30,19,22,65,0.0,0.0,1021,10,15,60,9,49,11.6,1,3.891667,-0.1,14.0
2016-03-25,6.7,13,56,111,10,6,1,49,0.0,0.0,1014,10,21,70,6,43,11.6,1,21.891667,0.5,22.0
2016-03-31,13.4,23,73,126,16,10,30,64,0.0,0.3,1005,9,27,81,19,67,11.6,1,12.658333,0.429167,28.0
2016-04-24,7.5,20,68,157,16,10,51,81,0.0,0.2,1011,10,23,74,16,61,12.1,1,13.231817999999999,0.1,23.0
2016-05-06,9.9,21,70,109,8,5,0,52,0.0,0.0,1017,10,28,83,14,57,13.7,1,26.927778000000004,0.033333,28.0
2016-05-12,9.3,24,75,111,10,6,45,82,0.0,0.0,1018,7,30,86,20,69,13.3,1,19.5,0.041667,21.0
2016-06-05,5.0,23,74,143,16,10,9,72,0.0,0.0,1012,10,28,83,19,67,14.0,1,5.795,0.0,15.0
2016-06-11,11.5,27,80,168,12,7,40,81,0.1,1.4,1015,8,31,89,22,72,12.2,1,11.820833,0.0,23.0
2016-06-17,11.2,28,82,187,13,8,31,74,0.0,0.0,1013,9,34,94,23,74,13.4,1,12.283333,0.2125,28.0
2016-06-23,5.7,27,81,170,13,8,40,75,0.0,0.2,1016,9,32,89,23,73,13.4,1,13.741667000000001,0.0,19.0
2016-06-29,9.1,27,81,119,10,6,22,71,0.0,0.1,1015,10,33,91,23,74,14.0,1,26.442857,0.1,20.0
2016-07-05,10.7,29,85,175,20,12,25,68,0.0,0.0,1014,9,36,98,24,76,13.4,1,8.916667,-0.075,25.0
2016-07-11,28.4,29,85,174,23,15,20,63,0.0,0.0,1012,10,36,98,24,76,14.0,1,6.5375,0.3,81.0
2016-07-17,4.7,28,83,181,11,7,14,67,0.0,0.0,1016,9,34,94,22,72,13.9,1,8.027273,0.325,15.0
2016-07-23,5.5,28,83,148,12,7,56,67,0.0,0.7,1014,9,33,92,24,76,12.2,1,10.258333,0.4,22.0
2016-08-04,6.5,30,86,172,12,8,7,60,0.0,0.0,1013,10,37,98,24,75,13.7,1,11.747368,0.1,19.0
2016-08-28,6.5,26,78,63,11,7,28,77,0.3,7.8,1015,10,30,86,22,72,10.3,1,11.48,0.2,14.0
2016-09-03,16.5,26,79,76,8,5,19,76,0.2,4.8,1015,9,31,87,23,73,11.6,1,14.754167,0.3,26.0
2016-09-15,9.6,27,81,110,8,5,24,71,0.0,0.9,1015,10,32,90,23,74,10.2,1,17.470833,-0.05,31.0
2016-09-21,12.2,28,82,107,6,4,20,65,0.0,0.1,1016,9,33,92,23,74,11.6,1,22.925,0.0,29.0
2016-09-27,7.2,21,70,93,12,8,84,76,0.0,0.0,1018,10,25,77,19,65,6.0,1,8.029167,-0.1375,18.0
2016-10-03,17.4,22,72,116,7,5,1,64,0.0,0.0,1013,10,29,85,17,62,11.6,1,25.341667,0.4,31.0
2016-10-09,9.2,19,66,36,12,8,17,46,0.0,0.0,1023,10,26,78,14,58,11.6,1,15.245454999999998,0.7,21.0
2016-10-21,10.2,17,62,35,13,8,0,50,0.0,0.0,1023,10,22,72,13,56,8.7,1,13.804167000000001,0.269231,20.0
2016-10-27,8.5,23,73,148,7,5,26,71,0.0,0.2,1021,8,29,83,18,64,8.7,1,22.820833,0.145833,27.0
2016-11-08,6.5,19,66,57,11,7,98,93,0.1,1.6,1020,7,21,70,17,63,4.1,1,9.670833,-0.025,8.0
2016-11-14,11.2,18,65,217,12,7,10,79,0.0,0.0,1018,8,25,76,14,57,8.7,1,15.329167000000002,0.5,23.0
2016-11-20,9.8,9,49,133,9,6,0,49,0.0,0.0,1028,10,16,61,4,39,8.7,1,22.345,0.445833,21.0
2016-11-26,10.5,15,59,88,9,5,79,80,0.0,0.0,1026,10,20,67,11,52,5.5,1,14.975,0.631818,19.0
2016-12-02,7.5,13,55,96,13,8,86,78,0.0,0.9,1018,9,16,61,10,50,3.8,1,22.370832999999998,0.904167,17.0
2016-12-08,5.0,5,41,12,30,18,54,68,0.0,0.0,1032,10,8,47,2,35,7.1,1,5.6625,0.1,11.0
2016-12-14,15.4,10,50,145,11,7,32,82,0.0,0.0,1021,9,16,60,7,45,8.7,1,11.029167,0.116667,27.0
2016-12-20,9.4,5,41,150,7,5,32,35,0.0,0.0,1031,10,12,54,0,31,8.7,1,26.9125,0.629167,21.0
2017-01-01,47.1,15,59,172,8,5,8,75,0.0,0.2,1011,10,21,70,11,52,8.7,1,11.278947,0.4,39.0
2017-01-07,8.5,-2,28,193,16,10,3,42,0.0,0.0,1040,10,4,40,-6,22,8.7,1,12.579167,0.0,13.0
2017-01-13,11.0,20,68,138,15,10,57,87,0.2,4.0,1024,8,24,75,17,62,8.7,1,14.495833,0.4,20.0
2017-01-19,8.2,13,55,222,12,7,12,83,0.0,0.0,1011,10,18,65,9,48,8.7,1,15.025,0.4,17.0
2017-01-25,6.6,15,60,285,17,11,20,51,0.0,0.2,1013,9,19,66,11,51,10.8,1,4.2625,0.0,23.0
2017-01-31,6.8,15,59,204,17,11,0,49,0.0,0.0,1017,10,22,71,9,49,10.9,1,25.5875,0.825,25.0
2017-02-06,8.9,20,69,187,20,12,91,88,0.0,0.2,1013,10,22,72,19,65,5.5,1,10.216667,0.2,15.0
2017-02-12,12.7,21,69,154,13,8,69,81,0.0,0.2,1019,9,25,77,18,64,8.6,1,4.76,0.025,22.0
2017-02-24,8.5,18,64,254,16,10,1,60,0.0,0.0,1009,10,24,76,13,56,11.2,1,8.204167,0.2,19.0
2017-03-02,4.3,12,53,36,15,9,24,42,0.0,0.0,1028,10,17,62,8,46,11.6,1,20.083333,0.30833299999999997,13.0
2017-03-08,8.7,17,63,106,9,6,86,68,0.1,3.1,1024,10,22,72,13,56,5.9,1,20.626667,1.1,25.0
2017-03-14,5.9,12,54,109,10,6,0,65,0.0,0.0,1024,10,20,67,5,41,11.6,1,19.066667000000002,0.8,17.0
2017-03-20,7.1,21,69,192,18,11,29,79,0.0,0.0,1020,10,27,80,17,62,11.6,1,13.783332999999999,0.05,20.0
2017-03-26,17.4,21,69,162,18,11,27,77,0.0,0.1,1011,9,28,82,14,58,11.6,1,8.604545,0.125,30.0
2017-04-01,7.9,20,67,137,18,11,77,89,0.1,1.6,1010,10,23,74,16,61,6.2,1,11.141667,0.0,20.0
2017-04-07,9.3,17,63,186,13,8,10,56,0.0,0.0,1022,10,24,75,10,51,11.6,1,20.2625,0.1,26.0
2017-04-13,7.8,20,69,138,13,8,59,85,0.0,0.4,1020,6,25,77,17,62,10.3,1,13.295832999999998,0.014286000000000002,20.0
2017-04-19,6.8,22,71,148,12,7,55,84,0.0,0.5,1016,6,26,79,19,66,13.3,1,13.716667000000001,0.0875,15.0
2017-04-25,9.3,21,70,181,21,13,54,85,0.0,0.1,1002,10,26,80,16,61,10.9,1,10.952632000000001,0.576471,21.0
2017-05-01,4.5,20,68,193,18,11,0,53,0.0,0.0,1014,10,28,83,13,55,13.6,1,16.15,0.208696,19.0
2017-05-07,7.6,21,70,170,14,9,2,66,0.0,0.0,1014,10,28,83,14,58,13.7,1,13.85,0.24347800000000003,25.0
2017-05-13,7.725,21,70,43,9,6,0,67,0.0,0.0,1013,10,28,83,15,60,13.8,1,14.158332999999999,0.1,18.0
2017-05-19,10.4,26,78,151,21,13,71,79,0.0,0.7,1008,10,30,86,22,72,11.0,1,7.716667,0.408333,21.0
2017-05-25,7.7,24,74,190,23,14,0,61,0.0,0.0,1007,10,31,88,17,62,13.9,1,10.533333,0.508333,23.0
2017-05-31,13.1,24,76,104,7,4,35,79,0.0,0.6,1016,9,29,84,21,69,14.0,1,19.526087,0.404167,26.0
2017-06-12,8.1,26,79,159,12,8,54,76,0.0,0.2,1012,8,31,88,21,71,12.2,1,11.129167,0.1,17.0
2017-06-18,7.3,29,83,170,19,12,43,73,0.0,0.1,1008,10,35,95,25,76,12.2,1,4.713636,0.1,24.0
2017-06-24,12.8,26,78,87,12,7,54,83,0.1,1.5,1016,8,28,82,24,75,12.2,1,11.945833,0.0,18.0
2017-06-30,13.958332999999998,29,84,176,21,13,65,74,0.0,0.4,1012,10,34,92,26,78,11.1,1,6.6666669999999995,0.2,34.0
2017-07-06,8.305,28,82,168,7,5,34,71,0.1,3.1,1018,10,33,91,23,74,13.4,1,10.104167,0.2,23.0
2017-07-12,8.5,28,83,183,13,8,26,68,0.1,1.7,1016,10,34,93,23,74,14.0,1,8.795833,0.6,23.0
2017-07-18,7.1,28,82,167,9,6,34,73,0.1,2.9,1016,9,33,91,24,74,13.9,1,12.141667,0.0,14.0
2017-07-24,25.4,30,85,178,13,8,14,59,0.0,0.1,1014,10,36,97,24,76,13.9,1,12.304167,0.24166700000000002,64.0
2017-08-05,11.409091,29,84,176,12,7,29,70,0.2,5.7,1014,9,34,93,24,75,13.3,1,10.220833,0.2,25.0
2017-08-11,8.8,30,85,203,11,7,14,66,0.0,0.0,1016,10,35,95,25,76,13.6,1,10.284211,0.145833,17.0
2017-08-23,11.476189999999999,29,85,138,9,6,27,60,0.2,5.0,1014,10,35,95,25,77,11.6,1,10.020833,0.1375,19.0
2017-08-29,9.62,25,77,55,23,14,28,70,0.0,0.1,1011,10,30,85,21,70,11.6,1,4.6458330000000005,0.5,11.0
2017-09-04,12.440909,27,80,186,8,5,2,62,0.0,0.0,1016,10,32,89,22,72,11.6,1,13.566667,0.3,21.0
2017-09-10,12.6,23,73,52,13,8,6,58,0.0,0.0,1019,10,29,84,18,64,11.6,1,16.836364,0.4,18.0
2017-09-16,10.931818,27,81,172,12,7,31,71,0.0,0.2,1014,10,33,91,23,73,10.2,1,11.791667,0.1,24.0
2017-09-22,8.7,26,79,145,13,8,33,76,0.2,4.8,1013,8,31,87,22,72,11.6,1,14.49,0.1,19.0
2017-09-28,13.1,24,75,13,14,8,75,87,0.3,8.2,1016,9,28,82,22,71,8.8,1,5.670833,0.029167000000000002,21.0
2017-10-04,8.4,26,78,87,11,7,54,82,0.0,0.5,1021,8,30,86,23,74,10.2,1,18.045833,0.3,25.0
2017-10-10,5.0,19,66,220,20,12,36,61,0.0,0.2,1019,10,24,75,15,59,11.6,1,2.9954549999999998,0.3,19.0
2017-10-16,5.1,17,63,15,18,11,3,44,0.0,0.0,1025,10,22,72,13,55,8.7,1,9.466667,0.0375,17.0
2017-10-22,4.7,21,70,136,16,10,13,67,0.2,6.0,1018,10,25,77,18,64,8.7,1,6.27,0.3,11.0
2017-10-28,8.041667,9,49,183,14,9,17,28,0.0,0.0,1022,10,16,60,5,40,8.7,1,8.366667,0.240909,18.0
2017-11-03,16.5,25,76,183,11,7,48,82,0.0,0.3,1016,9,29,85,22,71,8.7,1,16.316667000000002,0.504167,29.0
2017-11-09,10.208333,10,50,150,14,9,68,79,0.0,0.1,1024,10,15,58,8,46,7.2,1,6.695833,0.1,15.0
2017-11-15,10.541667,20,67,178,10,6,70,87,0.0,0.5,1016,8,22,71,17,63,4.0,1,20.141667,0.5,23.0
2017-11-21,11.066667,16,61,164,16,10,19,71,0.0,0.0,1013,10,23,74,11,52,8.7,1,19.045833,0.209091,29.0
2017-11-27,14.2,17,63,166,12,8,2,70,0.0,0.0,1020,10,23,73,13,56,8.7,1,25.879167000000002,0.6,32.0
2017-12-03,18.416667,19,65,152,9,6,62,86,0.0,1.0,1017,10,23,73,16,60,5.4,1,13.318182,0.8,14.0
2017-12-09,11.291667,10,49,274,15,9,2,50,0.0,0.0,1025,10,17,63,5,40,8.7,1,9.916667,0.528571,25.0
2017-12-15,8.666667,10,50,129,13,8,18,44,0.0,0.0,1025,10,14,57,7,45,8.7,1,17.033333,0.6,31.0
2017-12-21,12.75,18,64,197,16,10,30,70,0.0,0.1,1012,10,24,75,13,55,8.7,1,18.670833,0.333333,27.0
2017-12-27,10.0,4,39,15,21,13,100,74,0.0,0.0,1031,10,5,41,3,38,3.8,1,6.504167,-0.06666699999999999,13.0
2018-01-02,8.0,-2,29,112,13,8,77,45,0.0,0.0,1035,10,1,34,-4,25,3.8,1,8.170833,0.42,11.0
2018-01-08,6.2,13,55,259,18,11,2,61,0.0,0.0,1019,10,18,64,9,48,8.7,1,10.341667,0.2,25.0
2018-01-14,17.041667,7,44,155,9,6,1,53,0.0,0.0,1032,10,14,57,1,33,8.7,1,24.475,0.325,28.0
2018-01-20,11.333333,13,55,190,16,10,61,89,0.0,0.0,1017,9,19,65,8,47,7.1,1,16.2625,0.4,15.0
2018-01-26,10.625,13,55,151,11,7,92,87,0.0,0.2,1023,10,16,62,8,47,5.4,1,20.658333,0.045833,29.0
2018-02-01,7.125,15,60,189,19,12,53,68,0.0,0.0,1017,10,21,69,12,54,7.0,1,8.708333,0.304167,21.0
2018-02-07,15.166667000000002,4,40,96,21,13,70,64,0.0,0.3,1027,10,7,44,3,37,8.5,1,7.129167,-0.157143,21.0
2018-02-13,19.041667,6,42,40,7,4,100,81,0.0,0.3,1029,9,8,47,4,39,5.5,1,13.175,0.0,16.0
2018-02-19,12.166667,20,69,171,26,16,98,87,0.0,1.1,1012,10,23,73,18,64,5.6,1,7.5625,0.2,21.0
2018-02-25,6.1666669999999995,14,58,46,11,7,19,78,0.1,2.3,1016,10,18,64,12,54,11.3,1,12.709091,0.1,15.0
2018-03-03,17.583333,16,61,135,11,7,62,87,0.0,0.2,1021,9,21,69,12,54,5.9,1,19.883333,0.0,23.0
2018-03-09,9.666667,15,59,176,18,11,65,83,0.0,0.0,1014,10,20,67,10,50,5.9,1,17.466667,0.8,25.0
2018-03-15,15.125,15,59,180,18,11,54,78,0.0,0.1,1016,10,21,69,10,49,7.4,1,23.88125,0.4,25.0
2018-03-21,8.958333,15,60,128,12,7,3,50,0.0,0.0,1021,10,22,72,9,48,11.6,1,23.591667,0.12173900000000001,26.0
2018-03-27,12.75,21,70,121,18,11,79,83,0.2,5.3,1014,9,25,76,17,63,8.9,1,11.454167,0.120833,27.0
2018-04-02,14.5,20,68,129,15,9,82,84,0.0,0.4,1010,8,25,77,14,58,7.5,1,10.95,-0.085714,25.0
2018-04-08,14.0,10,49,137,11,7,38,75,0.0,0.0,1013,10,18,65,3,38,10.3,1,11.655,0.6,16.0
2018-04-14,9.125,15,59,335,23,14,15,41,0.0,0.0,1016,10,19,66,12,53,11.6,1,3.2,-0.16,41.0
2018-04-20,13.125,15,60,102,15,9,30,63,0.0,0.0,1021,10,20,67,12,54,13.4,1,21.466667,0.145833,25.0
2018-05-02,15.7,24,75,159,22,14,76,86,0.0,1.1,1014,7,28,82,22,71,9.7,1,8.804167,0.20416700000000002,20.0
2018-05-08,8.8,24,75,190,17,10,24,57,0.0,0.0,1017,10,30,86,17,63,13.3,1,16.7375,0.9272729999999999,24.0
2018-05-14,10.5,26,79,167,15,9,62,75,0.0,0.3,1014,10,31,87,23,73,12.2,1,11.108333,0.0,20.0
2018-05-20,5.1,24,76,149,11,7,44,82,0.2,5.8,1014,9,29,84,22,72,13.3,1,8.422727,0.1,13.0
2018-05-26,6.7,28,83,182,12,7,4,63,0.0,0.0,1009,10,35,95,22,72,13.9,1,11.0,0.3,17.0
2018-06-01,16.833333,29,83,175,17,11,44,70,0.0,0.1,1011,9,36,96,24,75,12.2,1,10.870833,0.10416700000000001,29.0
2018-06-07,8.2,29,84,161,16,10,22,66,0.0,0.0,1013,10,36,96,23,74,13.4,1,10.958333,0.230435,25.0
2018-06-13,10.083333,29,83,160,13,8,34,66,0.0,0.0,1015,8,34,92,23,73,13.4,1,11.447367999999999,0.44285699999999995,31.0
2018-06-19,6.3,24,75,91,14,9,90,90,0.0,0.0,1012,7,27,81,22,72,8.8,1,9.7375,0.725,9.0
2018-06-25,8.9,28,83,163,18,11,46,72,0.0,0.4,1014,10,33,91,24,76,13.4,1,8.908333,0.0,22.0
2018-07-01,36.6,30,85,174,19,12,27,63,0.0,0.1,1013,10,38,100,24,75,14.0,1,6.025,0.4375,97.0
2018-07-07,7.7916669999999995,27,80,60,9,6,25,76,0.3,7.4,1017,9,32,90,23,73,14.0,1,10.245833,0.422727,15.0
2018-07-13,13.8,29,84,183,14,8,19,63,0.0,0.0,1017,10,35,95,24,75,14.0,1,9.120833,0.229167,32.0
2018-07-19,16.7,31,88,189,14,9,7,57,0.0,0.0,1013,10,38,101,24,76,13.9,1,12.608333,0.2,47.0
2018-07-25,18.2,30,87,134,6,4,17,53,0.0,0.2,1016,10,35,95,25,78,13.8,1,23.4875,0.573333,37.0
2018-07-31,11.8,29,84,160,10,6,28,64,0.6,15.6,1015,9,33,91,25,77,13.8,1,15.436364000000001,0.084615,35.0
2018-08-06,6.1,28,82,132,10,6,31,69,0.0,0.7,1018,9,32,90,23,74,13.3,1,11.8125,0.029167000000000002,19.0
2018-08-12,20.670833,26,78,151,12,7,49,80,0.6,15.6,1016,9,29,84,24,75,12.1,1,9.768182000000001,0.2,40.0
2018-08-24,9.4,30,87,179,15,9,8,56,0.0,0.0,1013,10,37,98,25,76,11.6,1,11.825,-0.033333,20.0
2018-08-30,7.5,29,84,127,9,6,19,65,0.0,0.2,1015,10,35,95,23,74,11.6,1,14.433333,-0.25,19.0
2018-09-05,6.0,27,80,99,8,5,42,80,0.9,22.3,1015,8,31,87,23,74,10.2,1,13.0,0.1,14.0
2018-09-11,5.2083330000000005,23,74,43,9,5,65,83,0.0,0.1,1014,9,27,81,21,69,8.9,1,10.925,0.033333,12.0
2018-09-17,5.4,27,80,223,5,3,15,73,0.1,1.9,1014,10,32,89,22,72,11.6,1,13.691667,0.0125,22.0
2018-09-23,2.7,21,71,275,7,5,83,81,0.0,0.2,1013,10,24,75,19,67,6.0,1,2.475,0.016666999999999998,8.0
2018-09-29,5.0833330000000005,23,74,114,7,5,63,89,0.2,5.8,1019,5,26,78,21,70,11.6,1,11.833333,0.0,14.0
2018-10-05,8.538461999999999,26,79,167,12,7,53,83,0.0,0.9,1014,8,30,87,23,73,10.2,1,11.241667,0.0,14.0
2018-10-11,4.9,18,64,49,12,7,35,73,0.0,0.0,1017,10,20,68,15,59,10.2,1,15.5375,0.0,15.0
2018-10-17,2.9,11,52,54,19,12,100,92,0.1,1.4,1025,9,13,55,10,50,4.2,1,4.266667,-0.1875,6.0
2018-10-23,5.9,14,57,80,9,6,68,81,0.0,1.0,1021,10,17,62,12,53,4.2,1,19.220833,0.2,11.0
2018-10-29,8.0,21,70,198,15,10,30,78,0.0,0.2,1018,10,26,80,17,62,7.2,1,17.533333,-0.0625,27.0
2018-11-04,4.3333330000000005,17,62,153,13,8,20,72,0.1,2.7,1017,9,20,68,13,56,8.7,1,10.877272999999999,0.029167000000000002,12.0
2018-11-10,4.4166669999999995,8,47,59,12,7,48,56,0.0,0.0,1028,10,11,52,7,44,8.7,1,13.816667,0.2,8.0
2018-11-16,11.625,12,54,209,12,7,11,53,0.0,0.0,1022,10,18,65,6,43,8.7,1,30.391303999999998,0.3,28.0
2018-11-22,10.375,12,53,103,6,4,41,76,0.0,0.0,1024,10,17,62,9,48,8.7,1,14.466667000000001,0.025,17.0
2018-11-28,5.625,13,56,199,20,12,40,65,0.0,0.0,1015,10,19,67,8,46,7.1,1,24.329167,0.14285699999999998,27.0
2018-12-04,4.0416669999999995,7,45,36,13,8,7,60,0.0,0.0,1027,10,12,54,4,39,8.7,1,14.395832999999998,-0.1,12.0
2018-12-10,6.875,7,45,278,7,4,2,58,0.0,0.0,1029,10,14,57,3,37,8.7,1,14.258332999999999,-0.15,17.0
2018-12-16,9.7,12,54,230,6,4,40,37,0.0,0.0,1025,10,18,65,8,46,5.4,1,25.145,-0.05,27.0
2018-12-22,10.166667,15,58,212,17,10,34,48,0.0,0.0,1014,10,23,74,9,48,8.7,1,25.625,0.2,25.0
2018-12-28,4.3333330000000005,7,45,21,20,12,11,63,0.0,0.0,1019,10,10,51,5,41,8.7,1,6.375,-0.075,7.0
2019-01-03,7.125,5,42,315,11,7,59,74,0.4,9.8,1018,8,8,47,2,36,5.4,1,7.929167,-0.085714,9.0
2019-01-09,3.058824,12,54,40,9,6,25,56,0.0,0.0,1030,10,14,58,8,47,8.7,1,12.641667,-0.16,13.0
2019-01-15,14.375,9,48,153,4,2,84,73,0.0,0.1,1026,10,12,54,5,41,3.8,1,17.958333,-0.15,20.0
2019-01-21,6.4583330000000005,9,48,167,12,8,18,68,0.0,0.0,1020,10,15,59,1,34,8.7,1,17.375,0.15,13.0
2019-02-02,11.833333,16,62,136,7,4,92,87,0.0,1.1,1016,6,19,67,13,56,5.4,1,14.291667000000002,0.0,11.0
2019-02-08,7.4166669999999995,2,36,29,16,10,62,50,0.0,0.6,1035,10,6,43,0,32,7.0,1,6.2291669999999995,-0.25,11.0
2019-02-14,7.25,18,65,207,15,9,12,74,0.0,0.0,1009,14,23,74,13,56,11.1,1,16.0875,0.025,20.0
2019-02-20,4.625,11,52,316,7,4,34,60,0.0,0.0,1015,10,17,63,3,38,11.2,1,12.475,-0.1,11.0
2019-02-26,10.791667,15,59,78,6,4,97,78,0.0,0.6,1022,7,20,68,10,50,5.6,1,16.55,0.0,14.0
2019-03-04,7.565217,0,32,16,19,12,32,54,0.0,0.0,1026,10,3,38,-3,27,10.2,1,3.275,-0.175,10.0
2019-03-10,14.75,17,62,98,9,5,80,57,0.1,1.7,1015,8,22,72,12,54,5.9,1,11.06,0.0125,21.0
2019-03-16,4.4166669999999995,13,55,56,13,8,27,38,0.0,0.0,1028,11,17,63,8,46,11.6,1,15.5625,0.1,10.0
2019-03-22,12.125,20,68,164,14,9,26,58,0.0,0.0,1019,10,25,76,14,57,10.2,1,24.166667,0.125,33.0
2019-03-28,8.75,20,68,168,20,12,26,69,0.0,0.1,1020,20,26,78,13,55,11.6,1,15.166667000000002,0.0,24.0
2019-04-03,7.2,16,60,151,17,10,98,85,0.1,2.5,1019,9,18,64,10,49,6.2,1,19.045455,0.0125,16.0
2019-04-09,9.833333,26,79,162,9,5,0,50,0.0,0.0,1013,10,31,88,20,68,11.6,1,23.204762,0.0,24.0
2019-04-15,7.0416669999999995,20,68,180,20,13,18,56,0.0,0.0,1016,10,26,79,12,54,11.6,1,18.220833,0.041667,18.0
2019-04-21,5.8333330000000005,23,74,177,24,15,6,67,0.0,0.0,1014,10,29,84,15,59,13.4,1,7.359091,-0.1,14.0
2019-04-27,9.791667,24,76,190,19,12,4,63,0.0,0.0,1013,10,29,85,18,64,13.5,1,15.929167000000001,0.0,21.0
2019-05-03,5.75,24,75,175,13,8,88,85,3.4,85.9,1011,5,26,80,20,69,8.5,1,13.6,0.0125,8.0
2019-05-09,15.75,28,82,89,15,9,76,77,0.0,0.4,1009,7,31,88,22,71,10.9,1,6.883333,0.0125,23.0
2019-05-15,10.791667,25,78,125,9,6,44,71,0.2,5.6,1015,9,29,84,19,67,12.2,1,18.316667000000002,0.020833,22.0
2019-05-21,12.666667,29,84,264,20,12,53,55,0.7,18.9,1005,8,33,91,25,77,11.0,1,10.625,0.008333,28.0
2019-06-08,9.125,32,89,230,8,5,2,52,0.0,0.0,1009,11,37,99,25,78,14.0,1,11.166667,-0.042857,23.0
2019-06-14,10.375,29,85,180,19,12,22,56,0.0,0.0,1015,20,34,94,22,72,14.1,1,16.004167000000002,0.025,22.0
2019-06-20,17.958333,32,90,190,20,12,45,66,0.0,0.0,1008,10,39,102,25,77,12.2,1,7.154167,0.1,38.0
2019-06-26,14.583332999999998,27,81,142,14,9,43,69,0.0,1.1,1018,10,32,90,22,72,14.1,1,13.447367999999999,0.05714299999999999,35.0
2019-07-02,6.8333330000000005,30,86,171,16,10,56,67,0.2,4.1,1014,9,35,94,23,74,13.4,1,8.729167,0.0375,16.0
2019-07-08,7.3333330000000005,32,90,205,15,9,37,59,0.0,0.5,1013,10,39,101,25,77,13.4,1,10.983333,0.1,19.0
2019-07-14,6.5416669999999995,31,88,12,13,8,50,59,0.2,4.5,1012,10,35,94,27,80,12.2,1,5.613636,-0.1875,14.0
2019-07-20,14.458332999999998,32,89,174,19,12,15,57,0.0,0.0,1013,10,38,100,24,75,13.9,1,6.1375,-0.1,35.0
2019-07-26,12.458333,30,86,112,9,6,5,43,0.0,0.0,1018,10,35,95,23,73,13.8,1,22.554167,-0.07142899999999999,29.0
2019-08-01,12.608696,33,92,128,12,7,14,50,0.0,0.0,1015,10,39,102,26,79,13.8,1,13.629167,-0.0625,31.0
2019-08-07,13.666667000000002,33,91,192,14,9,25,57,0.0,0.2,1012,10,39,102,26,79,13.7,1,8.0,0.025,30.0
2019-08-13,8.166667,35,95,144,15,9,17,49,0.0,0.0,1011,10,41,106,27,81,13.6,1,9.829167,0.0,20.0
2019-08-19,10.125,33,92,171,16,10,31,57,0.0,0.0,1013,10,39,102,27,80,13.1,1,7.7,-0.0375,28.0
2019-08-25,13.333332999999998,32,90,216,10,6,46,60,0.1,3.3,1009,10,36,98,27,80,11.6,1,9.27,-0.075,20.0
2019-08-31,7.75,31,89,146,9,5,44,60,0.1,1.5,1015,9,36,96,26,79,10.3,1,10.016667,-0.171429,17.0
2019-09-06,10.25,34,92,192,10,6,11,49,0.0,0.0,1016,10,39,102,27,81,11.6,1,14.591667000000001,0.0,24.0
2019-09-12,7.0833330000000005,29,84,173,12,7,56,67,0.1,2.2,1016,10,34,94,24,75,10.2,1,12.45,-0.0625,21.0
2019-09-18,4.5125,29,85,333,8,5,71,64,0.1,1.4,1011,10,33,92,25,77,7.5,1,9.091667,-0.028571,13.0
2019-09-24,5.9166669999999995,29,85,174,14,9,57,70,0.3,6.7,1012,10,33,91,25,76,6.0,1,8.958824,-0.05,18.0
2019-09-30,7.7083330000000005,30,86,151,19,12,80,73,0.2,4.0,1015,10,33,91,25,77,7.4,1,6.35,0.025,17.0
