date_local,avgtempC,winddirDegree,windspeedKmph,cloudcover,humidity,precipInches,pressure,visibility,maxtempC,mintempC,sunHour,PM2.5
2015-01-06,9,208,10,6,56,0.0,1028,10,17,4,8.7,8.5
2015-01-12,6,110,14,34,79,0.0,1025,10,8,4,8.7,7.2
2015-01-18,13,230,12,13,46,0.0,1025,10,19,8,8.7,6.0
2015-01-24,8,266,12,31,60,0.0,1022,10,15,3,10.8,7.6
2015-01-30,11,48,19,54,55,0.0,1028,10,13,9,8.5,6.1
2015-02-05,5,274,17,39,67,0.0,1028,10,8,3,8.5,9.7
2015-02-11,16,145,11,2,62,0.0,1016,10,23,9,11.0,11.3
2015-02-17,5,160,16,39,51,0.0,1023,10,11,1,10.1,6.8
2015-03-01,3,57,18,100,87,0.0,1025,9,5,1,5.9,8.5
2015-03-07,8,125,7,32,51,0.0,1029,10,14,3,11.6,10.0
2015-03-13,14,145,13,59,73,0.0,1018,9,19,10,8.8,6.4
2015-03-19,21,177,13,72,85,0.1,1014,8,26,18,8.8,10.2
2015-03-25,20,179,20,33,82,0.0,1013,9,26,15,10.2,5.0
2015-03-31,20,193,20,83,85,0.0,1016,10,23,18,7.5,8.7
2015-04-06,22,175,21,63,83,0.0,1013,9,27,18,10.2,11.1
2015-04-12,21,155,12,82,86,0.1,1012,6,26,18,6.3,12.5
2015-04-18,20,101,6,74,86,0.0,1011,6,24,18,7.8,5.6
2015-04-24,24,162,16,64,84,0.1,1009,9,28,21,9.6,17.2
2015-04-30,18,193,8,3,51,0.0,1015,10,26,11,13.6,9.4
2015-05-06,24,164,18,68,83,0.3,1013,8,28,20,9.7,8.8
2015-05-12,19,48,16,93,94,0.0,1020,10,20,18,8.6,6.1
2015-05-30,25,246,9,34,80,0.2,1016,9,29,22,14.0,5.5
2015-06-05,26,168,9,29,74,0.0,1016,8,31,22,13.4,8.6
2015-06-11,27,180,17,24,68,0.0,1009,9,32,22,14.0,5.6
2015-06-30,26,195,12,20,78,0.1,1016,9,31,23,14.0,19.7
2015-07-05,27,178,20,49,76,0.0,1016,9,32,23,12.2,18.3
2015-07-11,27,184,11,9,66,0.0,1019,9,33,22,14.0,17.7
2015-07-17,29,184,17,25,66,0.0,1013,9,36,24,13.3,7.9
2015-07-23,30,185,19,10,60,0.0,1014,10,37,23,13.9,13.8
2015-07-29,30,171,10,17,57,0.0,1015,9,37,23,13.3,15.8
2015-08-04,30,188,13,27,58,0.0,1013,10,35,25,13.3,16.4
2015-08-10,31,159,11,6,51,0.0,1013,9,39,23,13.6,9.7
2015-08-16,29,140,10,11,54,0.1,1014,10,36,23,13.5,13.8
2015-08-22,30,177,17,14,61,0.0,1013,10,37,23,11.6,8.3
2015-08-28,29,191,12,15,40,0.0,1015,10,35,23,11.6,14.6
2015-09-03,27,94,8,45,67,0.1,1012,10,33,23,8.9,3.7
2015-09-09,28,220,9,31,67,0.3,1012,10,33,24,10.2,7.1
2015-09-15,26,132,11,62,76,0.1,1016,9,32,21,7.5,6.5
2015-09-21,28,163,10,15,54,0.0,1014,10,34,22,11.6,8.3
2015-09-27,26,146,10,15,46,0.0,1012,10,32,21,11.6,15.4
2015-10-06,23,78,9,19,47,0.0,1018,10,30,17,11.6,8.2
2015-10-14,25,118,9,0,22,0.0,1017,10,34,17,11.6,15.1
2015-10-15,24,182,13,1,44,0.0,1018,10,33,17,11.6,10.5
2015-10-21,24,119,19,71,79,0.1,1017,9,29,21,5.7,7.8
2015-10-27,20,275,11,3,63,0.0,1011,10,26,14,8.7,5.9
2015-11-03,19,147,10,0,72,0.0,1016,10,25,14,8.7,11.2
2015-11-08,14,21,18,29,73,0.0,1023,10,18,11,8.7,4.5
2015-11-14,14,125,9,47,63,0.0,1025,10,16,13,8.7,7.6
2015-11-26,20,148,19,99,94,0.1,1019,9,23,18,3.8,3.9
2015-12-02,11,178,12,4,65,0.0,1021,10,17,6,8.7,6.0
2015-12-09,16,187,9,13,61,0.0,1015,10,22,11,8.7,10.7
2015-12-20,12,217,15,58,67,0.0,1018,9,17,9,5.4,6.5
2015-12-26,22,163,28,97,93,0.4,1007,9,24,21,3.8,10.2
2016-01-01,7,59,22,58,70,0.0,1031,10,8,6,8.7,7.7
2016-01-07,13,257,10,22,79,0.0,1012,8,20,8,8.7,8.4
2016-01-13,11,208,13,26,73,0.0,1021,10,17,7,8.7,12.7
2016-01-19,12,184,18,42,81,0.0,1022,10,18,7,7.1,8.2
2016-01-25,16,186,14,56,75,0.0,1013,10,21,13,10.0,9.1
2016-01-31,18,207,17,31,71,0.0,1009,10,27,14,10.8,10.5
2016-02-06,9,267,21,4,55,0.0,1027,10,14,6,10.9,5.4
2016-02-12,17,134,14,0,54,0.0,1022,10,24,11,11.0,10.5
2016-02-18,17,176,22,10,71,0.0,1021,10,25,10,11.1,7.9
2016-02-24,11,316,21,3,48,0.0,1021,10,16,7,11.2,6.7
2016-03-01,20,151,24,38,71,0.0,1016,10,25,16,11.6,6.9
2016-03-07,19,160,28,99,91,0.1,1010,9,21,16,5.9,7.7
2016-03-13,20,226,19,8,61,0.0,1009,10,27,14,11.6,8.5
2016-03-19,12,55,30,22,65,0.0,1021,10,15,9,11.6,5.7
2016-03-25,13,111,10,1,49,0.0,1014,10,21,6,11.6,6.7
2016-03-31,23,126,16,30,64,0.0,1005,9,27,19,11.6,13.4
2016-04-07,19,207,11,21,43,0.0,1016,10,28,13,10.3,6.7
2016-04-13,19,182,14,59,74,0.0,1014,8,24,14,8.9,7.8
2016-04-19,19,187,14,54,67,0.0,1016,9,25,14,12.1,5.5
2016-04-24,20,157,16,51,81,0.0,1011,10,23,16,12.1,7.5
2016-05-03,17,69,13,8,63,0.0,1018,10,23,11,13.7,4.5
2016-05-06,21,109,8,0,52,0.0,1017,10,28,14,13.7,9.9
2016-05-12,24,111,10,45,82,0.0,1018,7,30,20,13.3,9.3
2016-05-19,24,161,16,57,74,0.0,1012,9,30,20,11.0,3.2
2016-05-25,26,161,16,83,87,0.0,1014,8,29,24,9.9,16.0
2016-06-01,24,76,10,62,83,0.1,1012,8,28,21,12.2,5.7
2016-06-05,23,143,16,9,72,0.0,1012,10,28,19,14.0,5.0
2016-06-11,27,168,12,40,81,0.1,1015,8,31,22,12.2,11.5
2016-06-17,28,187,13,31,74,0.0,1013,9,34,23,13.4,11.2
2016-06-23,27,170,13,40,75,0.0,1016,9,32,23,13.4,5.7
2016-06-29,27,119,10,22,71,0.0,1015,10,33,23,14.0,9.1
2016-07-05,29,175,20,25,68,0.0,1014,9,36,24,13.4,10.7
2016-07-11,29,174,23,20,63,0.0,1012,10,36,24,14.0,28.4
2016-07-17,28,181,11,14,67,0.0,1016,9,34,22,13.9,4.7
2016-07-23,28,148,12,56,67,0.0,1014,9,33,24,12.2,5.5
2016-08-02,30,186,12,25,62,0.0,1017,9,36,23,13.3,12.7
2016-08-04,30,172,12,7,60,0.0,1013,10,37,24,13.7,6.5
2016-08-28,26,63,11,28,77,0.3,1015,10,30,22,10.3,6.5
2016-09-03,26,76,8,19,76,0.2,1015,9,31,23,11.6,16.5
2016-09-15,27,110,8,24,71,0.0,1015,10,32,23,10.2,9.6
2016-09-21,28,107,6,20,65,0.0,1016,9,33,23,11.6,12.2
2016-09-27,21,93,12,84,76,0.0,1018,10,25,19,6.0,7.2
2016-10-03,22,116,7,1,64,0.0,1013,10,29,17,11.6,17.4
2016-10-09,19,36,12,17,46,0.0,1023,10,26,14,11.6,9.2
2016-10-16,26,183,17,33,72,0.0,1014,10,32,22,7.2,5.0
2016-10-21,17,35,13,0,50,0.0,1023,10,22,13,8.7,10.2
2016-10-27,23,148,7,26,71,0.0,1021,8,29,18,8.7,8.5
2016-11-04,20,11,11,87,93,0.1,1024,7,22,19,4.1,12.0
2016-11-08,19,57,11,98,93,0.1,1020,7,21,17,4.1,6.5
2016-11-14,18,217,12,10,79,0.0,1018,8,25,14,8.7,11.2
2016-11-20,9,133,9,0,49,0.0,1028,10,16,4,8.7,9.8
2016-11-26,15,88,9,79,80,0.0,1026,10,20,11,5.5,10.5
2016-12-02,13,96,13,86,78,0.0,1018,9,16,10,3.8,7.5
2016-12-08,5,12,30,54,68,0.0,1032,10,8,2,7.1,5.0
2016-12-14,10,145,11,32,82,0.0,1021,9,16,7,8.7,15.4
2016-12-20,5,150,7,32,35,0.0,1031,10,12,0,8.7,9.4
2017-01-01,15,172,8,8,75,0.0,1011,10,21,11,8.7,47.1
2017-01-07,-2,193,16,3,42,0.0,1040,10,4,-6,8.7,8.5
2017-01-10,17,193,24,14,81,0.0,1017,10,23,14,8.7,5.7
2017-01-13,20,138,15,57,87,0.2,1024,8,24,17,8.7,11.0
2017-01-16,17,193,8,73,78,0.1,1014,8,18,16,5.5,2.8
2017-01-19,13,222,12,12,83,0.0,1011,10,18,9,8.7,8.2
2017-01-25,15,285,17,20,51,0.0,1013,9,19,11,10.8,6.6
2017-01-26,8,76,11,9,46,0.0,1024,10,12,5,10.8,5.2
2017-01-28,9,303,15,39,51,0.0,1027,9,14,5,10.8,3.8
2017-01-31,15,204,17,0,49,0.0,1017,10,22,9,10.9,6.8
2017-02-03,8,26,18,85,66,0.0,1028,10,9,7,5.5,14.0
2017-02-06,20,187,20,91,88,0.0,1013,10,22,19,5.5,8.9
2017-02-09,12,90,16,0,42,0.0,1025,10,17,7,11.0,7.4
2017-02-12,21,154,13,69,81,0.0,1019,9,25,18,8.6,12.7
2017-02-15,10,254,17,18,58,0.0,1021,10,15,6,11.1,2.6
2017-02-23,20,189,19,0,60,0.0,1005,10,28,14,11.2,9.3
2017-02-24,18,254,16,1,60,0.0,1009,10,24,13,11.2,8.5
2017-02-27,20,164,13,81,92,0.0,1013,7,23,17,5.8,16.5
2017-03-02,12,36,15,24,42,0.0,1028,10,17,8,11.6,4.3
2017-03-05,17,150,11,92,93,0.1,1019,7,21,14,5.9,9.1
2017-03-08,17,106,9,86,68,0.1,1024,10,22,13,5.9,8.7
2017-03-11,17,115,8,99,95,0.3,1018,5,18,17,6.0,6.1
2017-03-14,12,109,10,0,65,0.0,1024,10,20,5,11.6,5.9
2017-03-17,20,179,23,74,84,0.0,1020,10,25,17,8.8,7.8
2017-03-20,21,192,18,29,79,0.0,1020,10,27,17,11.6,7.1
2017-03-23,20,170,26,32,76,0.0,1017,10,26,17,11.6,7.7
2017-03-26,21,162,18,27,77,0.0,1011,9,28,14,11.6,17.4
2017-03-28,22,148,21,68,84,0.0,1008,7,27,19,8.9,14.8
2017-03-29,21,232,12,22,65,0.4,1008,8,26,17,11.6,6.1
2017-04-01,20,137,18,77,89,0.1,1010,10,23,16,6.2,7.9
2017-04-04,21,195,16,18,59,0.0,1006,10,29,14,11.6,10.2
2017-04-07,17,186,13,10,56,0.0,1022,10,24,10,11.6,9.3
2017-04-10,22,162,14,77,92,0.6,1015,7,23,20,7.6,12.6
2017-04-13,20,138,13,59,85,0.0,1020,6,25,17,10.3,7.8
2017-04-16,22,167,14,72,86,0.0,1016,7,26,18,8.9,10.2
2017-04-19,22,148,12,55,84,0.0,1016,6,26,19,13.3,6.8
2017-04-25,21,181,21,54,85,0.0,1002,10,26,16,10.9,9.3
2017-04-27,18,134,14,1,63,0.0,1007,10,26,10,13.6,5.5833330000000005
2017-04-28,25,173,20,49,80,0.0,1002,9,32,19,12.1,23.4
2017-04-29,24,207,25,86,82,0.1,1002,10,27,17,8.5,26.208333
2017-04-30,17,272,18,16,43,0.0,1013,10,22,12,13.6,3.583333
2017-05-01,20,193,18,0,53,0.0,1014,10,28,13,13.6,4.5
2017-05-02,22,178,17,3,65,0.0,1013,9,30,15,13.6,4.9166669999999995
2017-05-03,23,192,19,74,80,0.1,1009,6,29,18,9.7,13.565217
2017-05-04,18,259,20,4,53,0.0,1017,10,23,14,13.7,1.5
2017-05-05,19,270,10,1,47,0.0,1017,10,26,13,13.7,5.5
2017-05-06,21,174,10,2,53,0.0,1015,10,28,13,13.7,8.3625
2017-05-07,21,170,14,2,66,0.0,1014,10,28,14,13.7,7.6
2017-05-08,21,143,15,66,81,0.0,1015,8,25,16,9.8,5.2125
2017-05-09,21,139,15,82,92,0.0,1014,9,24,18,8.6,8.9375
2017-05-10,22,161,18,76,88,0.0,1013,10,25,20,8.6,13.775
2017-05-11,24,167,11,59,84,0.3,1012,6,28,21,12.1,19.395833
2017-05-12,22,282,15,7,67,0.0,1012,9,28,16,13.8,5.1
2017-05-13,21,43,9,0,67,0.0,1013,10,28,15,13.8,7.725
2017-05-14,23,160,13,2,70,0.0,1013,10,31,17,13.8,8.908696
2017-05-15,23,166,16,52,75,0.0,1012,9,30,18,12.2,6.441667
2017-05-16,23,160,23,89,83,0.0,1010,9,27,20,8.6,8.4
2017-05-17,24,171,14,63,79,0.1,1008,10,29,21,12.2,9.9375
2017-05-18,26,159,21,69,81,0.0,1008,10,30,23,11.0,16.45
2017-05-19,26,151,21,71,79,0.0,1008,10,30,22,11.0,10.4
2017-05-20,24,74,11,71,83,0.1,1011,10,28,22,13.3,6.5833330000000005
2017-05-21,20,37,19,81,89,0.0,1017,9,22,17,9.8,3.416667
2017-05-22,19,41,13,87,88,0.1,1015,10,23,17,8.7,3.8
2017-05-23,20,249,12,41,82,0.1,1012,8,25,14,12.2,6.173913
2017-05-24,20,280,12,2,57,0.0,1011,10,28,13,13.9,3.833333
2017-05-25,24,190,23,0,61,0.0,1007,10,31,17,13.9,7.7
2017-05-26,25,187,17,75,85,0.0,1010,10,30,22,9.9,12.375
2017-05-27,28,178,19,61,79,0.0,1011,9,33,25,12.2,28.875
2017-05-28,26,179,12,52,82,0.4,1011,8,32,23,13.3,15.304348000000001
2017-05-29,24,208,9,33,82,0.1,1015,9,27,21,13.3,5.625
2017-05-30,24,100,7,28,76,0.0,1017,9,30,20,13.3,10.583333
2017-05-31,24,104,7,35,79,0.0,1016,9,29,21,14.0,13.1
2017-06-01,24,125,7,36,83,0.1,1014,10,29,19,13.3,6.2083330000000005
2017-06-02,25,135,8,64,83,0.3,1012,6,30,21,12.2,9.041667
2017-06-03,25,105,7,53,85,0.2,1012,7,29,22,12.2,4.0833330000000005
2017-06-04,24,201,7,22,79,0.1,1010,10,30,21,14.0,4.8333330000000005
2017-06-05,24,146,11,26,82,0.2,1007,8,29,20,14.0,4.428571
2017-06-06,25,97,16,28,78,0.1,1010,9,30,21,13.4,6.1666669999999995
2017-06-07,26,113,8,10,61,0.0,1013,10,32,21,14.0,9.791667
2017-06-08,26,96,9,27,70,0.0,1013,10,31,21,14.0,15.791667000000002
2017-06-09,25,154,13,57,80,0.3,1011,8,29,21,9.9,12.6
2017-06-10,25,159,15,31,77,0.0,1011,10,30,20,14.0,7.1666669999999995
2017-06-11,25,153,14,25,73,0.0,1012,9,31,21,14.0,6.8
2017-06-12,26,159,12,54,76,0.0,1012,8,31,21,12.2,8.1
2017-06-13,27,163,17,56,78,0.0,1012,9,32,23,11.1,8.75
2017-06-14,27,171,18,63,77,0.0,1013,10,32,23,11.1,9.583333
2017-06-15,28,177,17,46,73,0.0,1013,10,34,23,12.2,9.5
2017-06-16,28,185,17,34,74,0.0,1011,10,34,23,12.2,8.541667
2017-06-17,29,179,20,45,71,0.0,1007,10,35,25,13.4,7.0833330000000005
2017-06-18,29,170,19,43,73,0.0,1008,10,35,25,12.2,7.3
2017-06-19,27,134,8,46,76,0.0,1012,9,31,24,13.4,6.670833
2017-06-20,28,41,13,19,73,0.0,1013,9,33,23,14.1,11.1625
2017-06-21,27,31,16,3,64,0.0,1009,10,33,23,14.1,8.4
2017-06-22,28,224,10,35,67,0.0,1006,10,34,23,12.2,6.05
2017-06-23,30,168,14,10,66,0.0,1008,10,37,24,14.1,11.745833
2017-06-24,26,87,12,54,83,0.1,1016,8,28,24,12.2,12.8
2017-06-25,25,56,11,53,83,0.2,1019,7,29,21,11.1,7.404167
2017-06-26,25,102,8,40,82,0.4,1018,8,30,21,13.4,7.320833
2017-06-27,25,90,8,58,85,0.1,1015,7,29,22,12.2,7.4
2017-06-28,26,99,9,72,79,0.0,1012,6,31,22,9.9,5.2875
2017-06-29,28,166,13,41,76,0.0,1011,8,34,22,13.4,7.3
2017-06-30,29,176,21,65,74,0.0,1012,10,34,26,11.1,13.958332999999998
2017-07-01,29,158,16,46,72,0.0,1016,10,35,25,12.2,27.479166999999997
2017-07-02,29,175,15,55,71,0.0,1018,10,34,25,11.1,15.6375
2017-07-03,29,183,16,43,71,0.0,1016,9,35,23,13.4,9.8875
2017-07-04,29,176,17,48,69,0.1,1015,10,36,25,13.4,9.954167
2017-07-05,29,179,13,43,69,0.0,1016,10,35,24,13.4,9.6
2017-07-06,28,168,7,34,71,0.1,1018,10,33,23,13.4,8.305
2017-07-07,28,179,8,21,70,0.0,1018,10,34,23,14.0,6.6666669999999995
2017-07-08,29,209,9,13,64,0.0,1017,10,35,24,14.0,4.625
2017-07-09,29,196,10,16,62,0.1,1016,9,35,24,14.0,4.75
2017-07-10,29,181,13,12,57,0.0,1015,10,35,23,14.0,9.041667
2017-07-11,29,177,14,17,64,0.1,1014,9,36,23,14.0,9.916667
2017-07-12,28,183,13,26,68,0.1,1016,10,34,23,14.0,8.5
2017-07-13,28,173,10,29,70,0.1,1018,9,34,23,14.0,7.375
2017-07-14,29,178,7,22,67,0.0,1018,9,35,24,14.0,6.7916669999999995
2017-07-15,29,156,9,17,70,0.0,1017,10,35,24,13.9,10.954545
2017-07-16,28,155,8,22,71,0.3,1014,9,34,23,13.9,9.565217
2017-07-17,28,153,9,34,73,0.4,1013,9,32,24,13.3,10.652174
2017-07-18,28,167,9,34,73,0.1,1016,9,33,24,13.9,7.1
2017-07-19,29,178,9,27,68,0.0,1018,9,35,24,13.9,6.7
2017-07-20,30,188,11,12,62,0.1,1018,10,36,24,13.9,12.1
2017-07-21,30,184,12,12,60,0.0,1015,10,36,25,13.9,13.5
2017-07-22,30,182,13,9,58,0.0,1013,10,37,25,13.9,8.818182
2017-07-23,30,208,10,16,64,0.1,1012,10,37,25,13.9,13.090909
2017-07-24,30,178,13,14,59,0.0,1014,10,36,24,13.9,25.4
2017-07-25,29,171,15,42,67,0.1,1017,10,35,24,13.3,21.916667
2017-07-26,30,177,15,18,63,0.0,1017,9,37,24,13.8,11.318182
2017-07-27,30,187,14,10,59,0.0,1015,10,37,23,13.8,6.2
2017-07-28,31,195,13,4,52,0.0,1013,10,38,24,13.8,11.047619000000001
2017-07-29,32,179,11,6,49,0.0,1012,10,39,25,13.8,8.0
2017-07-30,31,90,12,16,54,0.0,1014,10,37,26,13.8,12.428571
2017-07-31,29,73,14,20,52,0.1,1015,10,35,25,13.8,11.863636
2017-08-01,29,113,8,16,51,0.0,1015,10,35,24,13.8,11.0
2017-08-02,27,143,10,52,76,0.3,1015,10,30,25,10.9,11.5
2017-08-03,27,72,9,52,76,0.1,1016,9,31,23,13.3,9.608696
2017-08-04,29,147,8,24,66,0.2,1016,10,34,24,13.7,16.1
2017-08-05,29,176,12,29,70,0.2,1014,9,34,24,13.3,11.409091
2017-08-06,29,184,17,37,73,0.3,1011,9,34,24,13.3,14.041667000000002
2017-08-07,26,229,11,51,82,1.3,1012,8,28,24,10.9,6.136364
2017-08-08,27,94,13,40,75,0.0,1014,10,31,23,13.3,4.857143
2017-08-09,27,36,8,38,70,0.0,1016,10,32,23,13.6,17.888889000000002
2017-08-10,29,192,10,30,68,0.1,1017,10,34,24,13.6,10.909091
2017-08-11,30,203,11,14,66,0.0,1016,10,35,25,13.6,8.8
2017-08-12,30,186,14,7,62,0.0,1014,10,36,25,13.6,9.954545
2017-08-13,30,186,16,5,61,0.0,1012,10,36,25,13.6,10.318182
2017-08-14,30,186,18,18,62,0.0,1010,10,36,25,13.6,14.652173999999999
2017-08-15,30,176,18,20,65,0.0,1010,10,36,24,13.5,9.826087
2017-08-16,30,177,20,35,65,0.0,1012,10,36,26,13.3,10.956522
2017-08-17,31,182,15,31,62,0.0,1015,10,37,25,13.5,13.826087
2017-08-18,30,179,11,28,60,0.0,1015,10,37,25,13.1,10.826087
2017-08-19,31,185,12,8,57,0.0,1015,10,37,25,11.6,9.136364
2017-08-20,30,179,13,10,55,0.0,1015,10,36,25,11.6,10.142857000000001
2017-08-21,30,161,10,18,60,0.0,1017,10,35,25,11.6,8.454545
2017-08-22,30,180,9,12,59,0.0,1016,10,36,24,11.6,7.966667
2017-08-23,29,138,9,27,60,0.2,1014,10,35,25,11.6,11.476189999999999
2017-08-24,28,107,7,31,73,0.8,1011,9,32,25,11.6,11.545455
2017-08-25,26,55,18,55,83,0.3,1011,10,29,23,9.0,10.478261
2017-08-26,23,40,39,100,90,1.4,1007,8,24,22,6.5,5.086957
2017-08-27,22,35,40,100,91,1.0,1007,8,23,22,6.3,3.6956519999999995
2017-08-28,23,15,30,53,81,0.2,1009,10,26,21,10.3,6.2380949999999995
2017-08-29,25,55,23,28,70,0.0,1011,10,30,21,11.6,9.62
2017-08-30,26,263,16,18,63,0.0,1012,10,31,21,11.6,11.222727
2017-08-31,26,267,8,15,55,0.0,1014,10,31,21,11.6,12.619048
2017-09-01,27,95,6,21,56,0.0,1016,10,33,22,11.6,16.9
2017-09-02,28,187,9,9,58,0.0,1017,10,33,23,11.6,17.286957
2017-09-03,27,167,9,11,59,0.0,1018,10,32,23,11.6,17.890909
2017-09-04,27,186,8,2,62,0.0,1016,10,32,22,11.6,12.440909
2017-09-05,28,165,8,15,66,0.0,1015,10,33,23,11.6,9.190909
2017-09-06,24,46,19,15,51,0.1,1018,10,28,20,11.6,11.0
2017-09-07,22,63,11,0,45,0.0,1020,10,28,16,11.6,14.1
2017-09-08,22,85,10,30,54,0.0,1019,10,28,16,8.9,11.508333
2017-09-09,23,60,12,16,57,0.0,1020,10,29,17,11.6,14.286364
2017-09-10,23,52,13,6,58,0.0,1019,10,29,18,11.6,12.6
2017-09-11,23,34,11,11,56,0.0,1017,10,29,18,11.6,11.195833
2017-09-12,24,180,8,1,44,0.0,1012,10,31,19,11.6,13.454545000000001
2017-09-13,26,181,8,29,49,0.0,1009,10,33,20,8.9,16.304545
2017-09-14,27,163,15,15,68,0.0,1010,9,34,21,11.6,14.259091
2017-09-15,26,161,13,26,71,0.0,1012,9,33,21,10.2,11.781818
2017-09-16,27,172,12,31,71,0.0,1014,10,33,23,10.2,10.931818
2017-09-17,27,161,10,15,67,0.0,1015,10,33,22,11.6,10.754545
2017-09-18,28,171,9,30,70,0.0,1014,10,34,23,10.2,8.9
2017-09-19,28,174,15,36,73,0.0,1012,9,33,24,11.6,10.5
2017-09-20,29,174,18,34,70,0.0,1012,10,35,24,11.6,8.843478
2017-09-21,28,162,15,44,76,0.0,1013,9,32,24,11.6,9.804348
2017-09-22,26,145,13,33,76,0.2,1013,8,31,22,11.6,8.7
2017-09-23,26,134,11,33,75,0.0,1012,9,31,22,11.6,10.243478
2017-09-24,26,136,13,32,77,0.2,1011,7,31,22,11.6,10.569564999999999
2017-09-25,26,133,12,47,80,0.1,1011,7,30,22,10.2,8.4
2017-09-26,24,128,8,78,87,0.1,1012,9,26,23,6.0,6.013043
2017-09-27,25,104,7,55,83,0.0,1014,10,28,22,8.8,7.643478
2017-09-28,24,13,14,75,87,0.3,1016,9,28,22,8.8,13.1
2017-09-29,21,60,16,75,91,0.5,1018,9,22,20,8.8,12.666667
2017-09-30,22,31,12,19,65,0.0,1018,10,28,18,11.6,13.958332999999998
2017-10-01,24,105,6,9,60,0.0,1014,10,29,19,11.6,20.5
2017-10-02,25,144,9,25,74,0.0,1013,10,30,21,11.6,14.333332999999998
2017-10-03,25,112,10,64,86,0.2,1017,9,29,22,8.8,7.8333330000000005
2017-10-04,26,87,11,54,82,0.0,1021,8,30,23,10.2,8.4
2017-10-05,25,95,7,37,77,0.0,1018,9,29,21,11.6,11.333333
2017-10-06,27,128,9,20,65,0.0,1013,10,29,24,11.6,11.0
2017-10-07,25,246,9,33,72,0.0,1008,10,29,20,7.3,9.833333
2017-10-08,25,268,9,6,56,0.0,1006,10,31,21,11.6,9.583333
2017-10-09,27,172,14,8,73,0.0,1008,10,33,22,11.6,7.25
2017-10-10,19,220,20,36,61,0.0,1019,10,24,15,11.6,5.0
2017-10-11,18,34,13,41,54,0.0,1021,10,24,14,11.6,4.5
2017-10-12,23,164,6,18,59,0.0,1018,10,30,18,11.6,12.333333
2017-10-13,25,176,9,5,73,0.0,1017,9,31,21,11.6,18.7
2017-10-14,26,179,11,30,78,0.0,1016,9,30,21,11.6,14.5
2017-10-15,22,135,18,32,71,0.1,1020,10,23,19,8.7,3.791667
2017-10-16,17,15,18,3,44,0.0,1025,10,22,13,8.7,5.1
2017-10-17,17,74,7,0,50,0.0,1023,10,23,11,8.7,8.583333
2017-10-18,18,164,8,17,48,0.0,1020,10,26,12,8.7,14.333332999999998
2017-10-19,21,134,9,29,72,0.0,1019,10,27,15,8.7,12.333333
2017-10-20,22,121,8,67,80,0.0,1016,10,27,18,4.2,9.125
2017-10-21,24,173,16,41,79,0.0,1012,7,30,20,7.2,5.5
2017-10-22,21,136,16,13,67,0.2,1018,10,25,18,8.7,4.7
2017-10-24,18,264,16,5,37,0.0,1025,10,23,15,8.7,3.125
2017-10-25,18,269,10,0,32,0.0,1022,10,25,12,8.7,4.5
2017-10-26,19,199,21,0,42,0.0,1012,10,26,13,8.7,6.875
2017-10-27,14,287,24,14,48,0.0,1016,10,17,10,8.7,4.3333330000000005
2017-10-28,9,183,14,17,28,0.0,1022,10,16,5,8.7,8.041667
2017-10-29,14,200,11,1,25,0.0,1018,10,22,7,8.7,8.291667
2017-10-30,17,187,15,1,47,0.0,1014,10,24,10,8.7,8.125
2017-10-31,14,98,15,84,65,0.3,1017,9,16,13,4.1,5.5416669999999995
2017-11-01,18,241,10,41,79,0.0,1011,10,27,11,8.7,13.541667000000002
2017-11-02,23,194,17,32,83,0.0,1013,10,28,19,7.2,19.583333
2017-11-03,25,183,11,48,82,0.0,1016,9,29,22,8.7,16.5
2017-11-04,24,188,14,61,85,0.0,1015,10,27,22,5.6,11.416667
2017-11-05,24,190,17,55,79,0.0,1013,10,30,21,5.6,13.416667000000002
2017-11-06,24,189,15,46,79,0.0,1014,9,30,20,7.2,7.6
2017-11-08,10,182,22,97,73,0.0,1023,7,15,8,4.1,1.5714290000000002
2017-11-09,10,150,14,68,79,0.0,1024,10,15,8,7.2,10.208333
2017-11-10,13,68,7,80,76,0.0,1024,10,16,9,4.1,10.625
2017-11-11,17,143,10,81,76,0.0,1020,10,20,14,4.1,11.041667
2017-11-12,19,101,8,86,90,0.0,1021,8,22,16,4.1,7.25
2017-11-13,19,71,8,55,83,0.0,1024,9,23,16,7.2,13.166667000000002
2017-11-14,20,171,13,51,77,0.0,1019,10,24,15,7.1,9.590909
2017-11-15,20,178,10,70,87,0.0,1016,8,22,17,4.0,10.541667
2017-11-16,22,207,7,57,82,0.0,1017,10,26,19,7.1,10.791667
2017-11-17,23,191,21,48,80,0.0,1014,10,27,20,7.1,10.125
2017-11-18,20,239,24,38,66,0.0,1014,10,26,14,8.7,4.9166669999999995
2017-11-19,12,73,13,41,42,0.0,1026,10,16,9,7.1,7.3333330000000005
2017-11-20,12,158,10,18,48,0.0,1020,10,18,7,8.7,12.0
2017-11-21,16,164,16,19,71,0.0,1013,10,23,11,8.7,11.066667
2017-11-22,13,140,20,22,44,0.0,1024,10,16,10,7.1,7.25
2017-11-24,15,201,14,5,39,0.0,1015,10,22,10,8.7,8.8
2017-11-27,17,166,12,2,70,0.0,1020,10,23,13,8.7,14.2
2017-11-28,18,173,16,1,71,0.0,1016,10,24,12,8.7,9.9375
2017-11-29,16,271,10,15,51,0.0,1022,10,21,14,8.7,8.666667
2017-11-30,16,94,6,20,53,0.0,1022,10,23,11,8.7,10.0
2017-12-01,17,119,8,37,56,0.0,1021,10,23,13,7.1,14.25
2017-12-02,18,190,10,23,70,0.0,1019,10,24,13,8.7,19.0
2017-12-03,19,152,9,62,86,0.0,1017,10,23,16,5.4,18.416667
2017-12-04,22,180,18,56,82,0.0,1013,10,27,19,7.1,7.8333330000000005
2017-12-05,14,71,23,81,57,0.1,1021,9,20,11,3.8,4.5
2017-12-06,5,14,19,96,78,0.4,1028,9,7,5,3.8,5.3333330000000005
2017-12-07,5,186,15,99,73,0.0,1028,10,7,2,3.8,4.5416669999999995
2017-12-08,3,268,8,34,58,0.0,1025,10,8,-1,8.7,8.708333
2017-12-09,10,274,15,2,50,0.0,1025,10,17,5,8.7,11.291667
2017-12-10,11,187,8,2,44,0.0,1029,10,18,6,8.7,9.583333
2017-12-11,14,254,12,15,37,0.0,1025,10,22,9,8.7,8.695652
2017-12-12,12,217,16,6,40,0.0,1026,10,15,9,8.7,6.2916669999999995
2017-12-13,10,226,11,20,49,0.0,1020,10,16,6,8.7,9.291667
2017-12-14,12,179,13,26,48,0.0,1016,10,16,9,7.1,9.5
2017-12-15,10,129,13,18,44,0.0,1025,10,14,7,8.7,8.666667
2017-12-16,8,146,8,69,69,0.4,1021,9,10,6,3.8,12.375
2017-12-17,8,129,5,34,85,0.0,1018,7,16,4,8.7,12.583333
2017-12-18,11,89,5,85,93,0.0,1020,8,14,8,3.8,14.291667000000002
2017-12-19,17,176,13,89,95,0.3,1017,6,21,14,3.8,7.4166669999999995
2017-12-20,16,258,10,12,61,0.0,1016,10,22,11,8.7,7.5416669999999995
2017-12-21,18,197,16,30,70,0.0,1012,10,24,13,8.7,12.75
2017-12-22,14,211,19,89,83,0.1,1015,8,21,6,3.8,8.086957
2017-12-23,7,293,11,17,56,0.0,1024,10,12,3,8.7,10.958333
2017-12-24,8,112,18,4,65,0.0,1024,10,15,5,8.7,13.541667000000002
2017-12-25,6,92,12,21,64,0.0,1028,10,11,1,8.7,11.875
2017-12-26,8,60,14,96,83,0.0,1023,10,9,5,3.8,7.0
2017-12-27,4,15,21,100,74,0.0,1031,10,5,3,3.8,10.0
2017-12-28,5,34,9,94,70,0.0,1030,10,7,3,3.8,11.708333
2017-12-29,6,109,7,74,82,0.0,1027,9,9,4,3.8,14.791667000000002
2017-12-30,11,137,10,76,83,0.0,1021,10,16,8,7.1,16.958333
2017-12-31,3,15,22,87,73,0.0,1028,9,6,-2,3.8,10.625
2018-01-01,-3,17,20,48,41,0.0,1039,10,1,-4,7.1,7.2083330000000005
2018-01-02,-2,112,13,77,45,0.0,1035,10,1,-4,3.8,8.0
2018-01-03,1,333,9,1,44,0.0,1031,10,10,-5,8.7,11.375
2018-01-04,6,90,6,43,47,0.0,1028,10,11,1,7.1,13.916667000000002
2018-01-05,9,166,9,48,52,0.0,1027,9,15,6,8.7,12.125
2018-01-06,10,158,10,52,75,0.0,1026,10,15,5,5.4,16.333333
2018-01-07,14,189,20,86,90,0.1,1017,8,18,12,3.8,7.608696000000001
2018-01-08,13,259,18,2,61,0.0,1019,10,18,9,8.7,6.2
2018-01-09,11,109,7,9,63,0.0,1019,10,18,6,8.7,9.979167
2018-01-10,12,165,16,46,86,0.0,1013,9,16,8,5.5,13.1375
2018-01-11,13,266,21,41,70,0.1,1012,6,20,7,8.7,6.7083330000000005
2018-01-12,5,226,20,1,37,0.0,1025,10,11,1,8.7,4.0416669999999995
2018-01-13,4,37,13,2,39,0.0,1034,10,9,0,8.7,8.125
2018-01-14,7,155,9,1,53,0.0,1032,10,14,1,8.7,17.041667
2018-01-15,11,166,12,44,83,0.0,1026,9,17,4,5.5,10.25
2018-01-16,-3,51,28,84,63,0.0,1039,10,2,-4,3.8,4.25
2018-01-17,-3,76,11,1,41,0.0,1040,10,1,-7,8.7,8.916667
2018-01-18,1,132,6,44,41,0.0,1033,10,7,-3,8.7,14.041667000000002
2018-01-19,5,162,7,96,73,0.0,1023,8,9,2,3.9,14.833332999999998
2018-01-20,13,190,16,61,89,0.0,1017,9,19,8,7.1,11.333333
2018-01-21,17,183,18,83,95,0.1,1012,9,19,15,3.9,10.625
2018-01-22,12,313,15,1,45,0.0,1018,10,16,8,8.7,3.833333
2018-01-23,10,195,8,1,31,0.0,1024,10,16,6,10.7,6.0
2018-01-24,10,71,8,0,40,0.0,1030,10,16,5,10.8,14.416667000000002
2018-01-25,10,161,9,19,46,0.0,1029,10,15,6,10.8,13.0
2018-01-26,13,151,11,92,87,0.0,1023,10,16,8,5.4,10.625
2018-01-27,16,88,12,92,90,0.0,1021,6,18,15,5.4,8.0
2018-01-28,14,58,14,22,63,0.0,1025,10,19,10,10.8,6.0
2018-01-29,11,103,14,0,45,0.0,1031,10,16,8,10.8,5.2083330000000005
2018-01-30,10,114,11,0,45,0.0,1030,10,17,4,10.8,11.25
2018-01-31,12,191,21,5,66,0.0,1019,10,20,6,10.9,11.458333
2018-02-01,15,189,19,53,68,0.0,1017,10,21,12,7.0,7.125
2018-02-02,10,48,19,36,50,0.0,1029,10,13,7,10.1,6.125
2018-02-03,11,171,14,64,68,0.0,1019,9,16,7,7.0,13.5
2018-02-04,15,138,12,4,75,0.0,1014,10,22,11,10.9,18.291667
2018-02-05,8,72,13,52,62,0.0,1021,10,13,4,8.5,17.708333
2018-02-06,9,79,13,97,80,0.1,1018,9,11,7,5.5,18.208333
2018-02-07,4,96,21,70,64,0.0,1027,10,7,3,8.5,15.166667000000002
2018-02-08,7,55,11,25,69,0.0,1029,10,14,1,10.1,16.181818
2018-02-09,12,187,11,91,82,0.0,1020,10,16,8,5.5,14.75
2018-02-10,12,160,13,83,81,0.1,1013,9,15,5,7.0,20.958333
2018-02-11,2,137,22,36,54,0.0,1021,10,4,0,11.0,12.333333
2018-02-12,3,32,15,12,64,0.0,1029,10,8,-1,11.0,13.458332999999998
2018-02-13,6,40,7,100,81,0.0,1029,9,8,4,5.5,19.041667
2018-02-14,13,171,10,84,87,0.0,1024,10,21,7,8.6,14.166667000000002
2018-02-15,19,189,19,87,92,0.0,1018,10,21,16,5.5,9.958333
2018-02-16,18,118,15,83,79,0.0,1019,9,20,15,7.1,8.958333
2018-02-17,12,95,9,74,70,0.0,1019,10,14,10,7.1,10.875
2018-02-18,14,108,13,79,85,0.0,1018,10,21,10,7.1,14.0
2018-02-19,20,171,26,98,87,0.0,1012,10,23,18,5.6,12.166667
2018-02-20,21,166,23,97,91,0.1,1013,7,21,20,5.6,13.0
2018-02-21,9,201,20,98,90,0.5,1022,9,20,5,5.6,3.8260870000000002
2018-02-22,4,135,14,99,84,0.1,1024,9,6,3,5.6,6.375
2018-02-23,12,77,8,92,91,0.1,1020,8,18,6,5.6,11.416667
2018-02-24,20,203,17,73,90,0.0,1012,7,24,18,7.1,14.75
2018-02-25,14,46,11,19,78,0.1,1016,10,18,12,11.3,6.1666669999999995
2018-02-26,14,137,10,11,74,0.0,1021,10,20,9,11.3,9.5
2018-02-27,19,147,16,71,88,0.1,1017,10,25,15,7.3,13.75
2018-02-28,22,176,17,78,86,0.0,1010,9,26,19,7.3,14.333332999999998
2018-03-01,17,158,17,34,68,0.0,1016,9,20,13,11.6,10.291667
2018-03-02,15,70,11,20,73,0.0,1024,10,21,10,11.6,15.75
2018-03-03,16,135,11,62,87,0.0,1021,9,21,12,5.9,17.583333
2018-03-04,20,162,16,74,88,0.0,1016,8,24,17,8.7,11.956522
2018-03-05,20,132,15,56,77,0.1,1013,8,25,16,10.2,7.826086999999999
2018-03-06,15,37,12,19,39,0.0,1019,10,20,10,10.2,4.2916669999999995
2018-03-07,12,30,13,41,37,0.0,1025,10,16,7,11.6,7.0833330000000005
2018-03-08,13,125,11,35,50,0.0,1022,10,19,8,11.6,10.083333
2018-03-09,15,176,18,65,83,0.0,1014,10,20,10,5.9,9.666667
2018-03-10,22,200,15,48,75,0.0,1008,9,30,17,10.2,12.083333
2018-03-11,18,128,25,54,65,0.0,1014,10,20,15,7.4,11.0
2018-03-12,12,74,17,22,50,0.0,1025,10,17,7,11.6,10.958333
2018-03-13,13,48,9,14,52,0.0,1024,10,19,8,11.6,12.416667
2018-03-14,13,86,9,6,46,0.0,1024,10,20,7,11.6,18.208333
2018-03-15,15,180,18,54,78,0.0,1016,10,21,10,7.4,15.125
2018-03-16,22,218,12,47,68,0.0,1012,9,28,17,11.6,11.541667
2018-03-17,21,179,15,73,87,0.2,1011,7,25,18,7.4,17.041667
2018-03-18,22,177,9,54,84,0.0,1009,8,28,19,10.2,18.5
2018-03-19,20,297,18,22,50,0.0,1008,10,25,16,11.6,13.291667000000002
2018-03-20,14,227,15,4,49,0.0,1017,10,21,9,11.6,4.0
2018-03-21,15,128,12,3,50,0.0,1021,10,22,9,11.6,8.958333
2018-03-22,17,169,18,15,69,0.0,1023,10,24,11,11.6,10.791667
2018-03-23,19,178,21,60,83,0.0,1018,10,23,14,8.8,12.416667
2018-03-24,22,192,16,70,82,0.0,1013,10,27,18,8.8,14.125
2018-03-25,21,159,13,82,88,0.0,1012,7,23,20,6.1,13.875
2018-03-26,23,168,22,67,78,0.0,1011,10,28,19,10.2,16.791667
2018-03-27,21,121,18,79,83,0.2,1014,9,25,17,8.9,12.75
2018-03-28,18,114,11,87,91,1.1,1010,8,22,17,7.5,5.1666669999999995
2018-03-29,19,187,12,16,73,0.0,1012,9,26,13,11.6,8.208333
2018-03-30,17,58,15,6,70,0.0,1023,10,21,12,11.6,10.583333
2018-03-31,19,178,19,17,78,0.0,1019,9,25,13,11.6,15.458332999999998
2018-04-01,20,165,16,81,86,0.0,1014,10,23,17,6.2,14.083332999999998
2018-04-02,20,129,15,82,84,0.0,1010,8,25,14,7.5,14.5
2018-04-03,21,153,19,83,83,0.1,1009,9,25,16,6.2,16.25
2018-04-04,14,51,19,6,51,0.0,1023,10,18,9,11.6,7.3478259999999995
2018-04-05,18,160,14,41,66,0.0,1017,10,24,12,10.2,10.75
2018-04-06,23,184,20,60,85,0.0,1009,10,27,19,10.2,14.083332999999998
2018-04-07,10,226,26,69,70,0.0,1016,10,19,4,8.9,7.125
2018-04-08,10,137,11,38,75,0.0,1013,10,18,3,10.3,14.0
2018-04-09,14,50,13,83,86,0.0,1015,8,16,11,6.2,18.0
2018-04-10,16,79,12,13,63,0.0,1024,10,22,10,11.6,13.416667000000002
2018-04-11,18,166,15,2,63,0.0,1020,10,25,11,11.6,13.583332999999998
2018-04-12,20,179,23,46,83,0.0,1012,10,27,16,10.3,12.041667
2018-04-13,23,176,21,65,84,0.2,1005,9,28,21,8.9,20.916667
2018-04-14,15,335,23,15,41,0.0,1016,10,19,12,11.6,9.125
2018-04-15,14,271,11,0,41,0.0,1022,10,21,7,11.6,12.25
2018-04-16,17,166,17,0,57,0.0,1021,10,26,9,11.6,12.458333
2018-04-17,20,182,24,1,71,0.0,1014,10,27,13,11.6,12.083333
2018-04-18,20,114,16,50,71,0.0,1015,9,26,17,9.1,16.208333
2018-04-19,17,41,18,12,46,0.0,1024,10,23,13,13.4,7.8333330000000005
2018-04-20,15,102,15,30,63,0.0,1021,10,20,12,13.4,13.125
2018-04-21,17,137,10,77,92,0.0,1014,8,22,14,9.6,19.25
2018-04-22,16,264,16,4,65,0.0,1018,10,23,10,13.5,6.6666669999999995
2018-04-23,19,228,8,5,55,0.0,1018,10,27,12,13.5,10.083333
2018-04-24,21,135,8,6,63,0.0,1017,10,29,14,13.5,13.375
2018-04-25,20,217,12,22,69,0.0,1018,10,28,15,13.5,11.083333
2018-04-26,17,175,7,9,58,0.0,1017,10,24,10,13.5,8.416667
2018-04-27,19,118,6,18,57,0.0,1017,10,25,14,13.5,12.0
2018-04-28,21,181,9,9,55,0.0,1017,10,27,15,13.6,15.458332999999998
2018-04-29,20,167,13,4,67,0.0,1018,10,26,15,13.6,13.208332999999998
2018-04-30,19,150,18,82,89,0.0,1017,8,23,17,8.5,13.25
2018-05-01,22,156,19,97,93,0.0,1014,10,24,19,8.5,12.0
2018-05-02,24,159,22,76,86,0.0,1014,7,28,22,9.7,15.7
2018-05-03,25,164,19,83,83,0.1,1014,9,29,23,8.5,18.333333
2018-05-04,20,133,13,88,92,0.1,1018,8,22,18,8.5,9.875
2018-05-05,21,195,11,14,69,0.0,1020,10,27,16,13.7,10.708333
2018-05-06,22,191,6,0,60,0.0,1020,10,29,16,13.7,14.0
2018-05-07,24,194,9,3,54,0.0,1019,10,31,17,13.7,14.428571
2018-05-08,24,190,17,24,57,0.0,1017,10,30,17,13.3,8.8
2018-05-11,25,171,21,30,73,0.0,1013,10,30,20,13.3,11.2
2018-05-14,26,167,15,62,75,0.0,1014,10,31,23,12.2,10.5
2018-05-16,27,182,5,11,64,0.0,1012,9,34,20,13.8,11.846153999999999
2018-05-17,27,178,10,4,56,0.0,1011,10,34,21,13.8,12.3125
2018-05-18,26,173,18,15,67,0.0,1009,9,33,21,13.3,14.904762
2018-05-20,24,149,11,44,82,0.2,1014,9,29,22,13.3,5.1
2018-05-21,23,88,9,52,83,0.1,1015,8,29,20,11.0,9.5
2018-05-22,25,147,9,48,79,0.3,1014,6,30,21,13.3,8.083333
2018-05-23,25,151,10,28,78,0.1,1015,8,29,21,13.3,7.0
2018-05-24,26,139,7,28,76,0.0,1016,8,31,21,13.9,7.5
2018-05-25,27,168,9,19,73,0.0,1013,8,33,22,13.9,5.3333330000000005
2018-05-26,28,182,12,4,63,0.0,1009,10,35,22,13.9,6.7
2018-05-29,28,177,12,4,63,0.0,1008,10,35,23,14.0,7.8
2018-05-30,28,172,18,8,69,0.0,1008,10,35,22,14.0,5.5
2018-05-31,28,173,21,33,70,0.0,1010,10,35,23,13.3,8.375
2018-06-01,29,175,17,44,70,0.0,1011,9,36,24,12.2,16.833333
2018-06-02,29,181,15,28,68,0.0,1011,10,37,23,13.3,13.583332999999998
2018-06-03,29,153,9,47,72,0.1,1015,9,35,24,11.1,11.625
2018-06-04,27,160,7,12,68,0.1,1015,10,33,24,14.0,9.583333
2018-06-05,29,174,13,24,65,0.0,1010,10,37,23,13.4,9.458333
2018-06-06,29,166,14,22,66,0.0,1010,10,37,24,13.4,9.291667
2018-06-07,29,161,16,22,66,0.0,1013,10,36,23,13.4,8.2
2018-06-08,28,166,12,36,70,0.1,1016,9,33,23,13.4,8.333333
2018-06-09,27,170,12,41,75,0.2,1016,7,33,22,13.4,11.583333
2018-06-10,28,176,18,37,70,0.0,1012,8,35,23,13.4,22.291667
2018-06-11,29,174,22,38,67,0.0,1010,10,35,24,13.4,15.333332999999998
2018-06-12,29,166,18,48,68,0.0,1012,9,34,24,12.2,9.208333
2018-06-13,29,160,13,34,66,0.0,1015,8,34,23,13.4,10.083333
2018-06-14,28,178,14,30,68,0.0,1015,8,33,23,13.4,6.5
2018-06-15,27,164,15,36,71,0.0,1013,10,32,23,12.2,6.75
2018-06-16,27,148,15,37,75,0.2,1012,9,31,23,13.4,9.9
2018-06-17,27,98,11,44,79,0.0,1012,8,32,23,13.4,6.875
2018-06-18,26,87,15,59,82,0.1,1012,8,31,23,11.1,3.708333
2018-06-19,24,91,14,90,90,0.0,1012,7,27,22,8.8,6.3
2018-06-20,24,89,11,82,89,0.0,1010,7,27,22,9.9,4.5833330000000005
2018-06-21,27,106,8,58,79,0.0,1012,6,33,23,13.4,10.208333
2018-06-22,29,203,15,27,72,0.0,1011,9,36,23,13.4,17.166667
2018-06-23,29,174,21,19,70,0.0,1009,10,35,23,14.1,11.666667
2018-06-24,29,169,24,33,68,0.0,1010,10,35,25,14.1,9.416667
2018-06-25,28,163,18,46,72,0.0,1014,10,33,24,13.4,8.9
2018-06-26,29,167,16,43,71,0.0,1015,9,34,24,13.4,8.958333
2018-06-27,29,179,15,24,66,0.0,1015,10,36,23,14.1,8.125
2018-06-28,29,180,17,30,68,0.0,1014,10,35,24,13.4,9.9
2018-06-29,29,169,19,50,71,0.0,1014,10,35,24,12.2,19.958333
2018-06-30,29,170,20,30,67,0.0,1013,9,36,24,13.4,35.833333
2018-07-01,30,174,19,27,63,0.0,1013,10,38,24,14.0,36.6
2018-07-02,29,175,13,20,64,0.0,1014,10,37,24,13.4,23.130435000000002
2018-07-03,30,182,11,17,63,0.0,1014,8,37,23,13.4,22.5
2018-07-04,26,148,8,50,77,0.1,1015,10,31,23,12.2,16.208333
2018-07-05,26,77,10,36,71,0.0,1020,8,33,21,14.0,15.833332999999998
2018-07-06,28,152,9,26,65,0.2,1019,9,33,24,14.0,10.958333
2018-07-07,27,60,9,25,76,0.3,1017,9,32,23,14.0,7.7916669999999995
2018-07-08,26,111,8,24,77,0.2,1017,10,31,23,14.0,6.2916669999999995
2018-07-09,26,188,9,46,82,0.1,1020,10,30,23,12.2,12.458333
2018-07-10,27,185,9,22,72,0.0,1019,9,33,23,14.0,18.920833
2018-07-11,28,191,11,13,67,0.0,1016,10,34,23,14.0,15.245833
2018-07-12,29,184,11,10,61,0.0,1016,10,35,23,14.0,14.1125
2018-07-13,29,183,14,19,63,0.0,1017,10,35,24,14.0,13.8
2018-07-14,29,185,14,21,66,0.0,1017,10,35,24,13.3,10.195833
2018-07-15,29,186,15,27,66,0.0,1016,10,35,24,13.3,30.020833000000003
2018-07-16,29,188,15,15,62,0.0,1016,9,37,23,13.3,38.3
2018-07-17,29,199,12,3,59,0.0,1017,10,37,22,13.9,23.233333
2018-07-18,30,195,13,6,58,0.0,1014,10,38,24,13.9,18.41
2018-07-19,31,189,14,7,57,0.0,1013,10,38,24,13.9,16.7
2018-07-20,31,188,14,9,57,0.0,1013,9,38,24,13.9,16.254167000000002
2018-07-21,31,194,13,8,58,0.0,1014,9,39,23,13.9,18.7875
2018-07-22,31,202,13,6,54,0.0,1013,9,39,24,13.9,22.1
2018-07-23,33,208,10,16,47,0.0,1011,10,42,25,13.9,14.891667000000002
2018-07-24,31,80,13,25,54,0.0,1014,10,37,27,13.9,14.166667000000002
2018-07-25,30,134,6,17,53,0.0,1016,10,35,25,13.8,18.2
2018-07-26,31,174,10,8,42,0.0,1015,10,37,25,13.8,14.5625
2018-07-27,31,180,13,4,40,0.0,1015,10,38,24,13.8,13.904167000000001
2018-07-28,30,182,10,6,53,0.0,1016,10,37,24,13.8,18.8125
2018-07-29,31,180,12,8,54,0.0,1014,10,38,25,13.8,19.8875
2018-07-30,31,135,12,14,54,0.0,1014,10,36,25,13.8,11.566667
2018-07-31,29,160,10,28,64,0.6,1015,9,33,25,13.8,11.8
2018-08-01,29,79,11,10,48,0.0,1015,10,35,23,13.8,8.563636
2018-08-02,29,142,8,9,44,0.0,1015,10,35,23,13.7,12.033333
2018-08-03,29,155,12,8,48,0.0,1015,10,36,23,13.7,14.4
2018-08-04,28,156,14,27,65,0.0,1015,10,33,23,13.3,10.808333
2018-08-05,28,158,13,22,63,0.1,1018,10,34,23,13.7,11.983333
2018-08-06,28,132,10,31,69,0.0,1018,9,32,23,13.3,6.1
2018-08-07,28,170,12,36,67,0.0,1016,10,33,23,13.3,6.804167
2018-08-08,30,180,14,15,61,0.0,1015,10,36,24,13.7,4.545833
2018-08-09,29,189,11,18,61,0.1,1015,10,36,24,13.6,6.6
2018-08-10,28,152,9,23,66,0.2,1016,9,34,25,13.6,9.516667
2018-08-11,27,181,8,53,76,0.4,1015,9,32,24,13.3,11.354167
2018-08-12,26,151,12,49,80,0.6,1016,9,29,24,12.1,20.670833
2018-08-13,28,165,18,30,70,0.1,1015,9,34,24,13.6,28.508333
2018-08-14,28,172,18,39,69,0.0,1014,10,33,24,13.3,26.670833000000002
2018-08-15,29,178,14,30,65,0.0,1014,10,35,24,13.6,12.1
2018-08-16,30,179,15,31,65,0.0,1016,10,35,25,13.5,12.1375
2018-08-17,30,186,14,8,58,0.0,1017,10,37,24,13.5,12.741667
2018-08-18,31,188,13,9,55,0.0,1015,10,37,24,13.1,11.979167
2018-08-19,30,187,16,12,59,0.0,1012,10,36,25,13.1,7.595833
2018-08-20,30,181,10,21,62,0.1,1014,10,36,25,11.6,8.275
2018-08-21,31,188,8,18,59,0.1,1017,10,37,25,11.6,8.9
2018-08-22,31,145,8,19,58,0.1,1018,10,36,25,11.6,7.316667
2018-08-23,31,176,11,13,54,0.1,1016,10,37,25,11.6,10.041667
2018-08-24,30,179,15,8,56,0.0,1013,10,37,25,11.6,9.4
2018-08-25,30,165,13,19,61,0.0,1015,10,36,24,11.6,8.2
2018-08-26,30,169,13,29,62,0.0,1016,10,35,25,11.6,10.745833
2018-08-27,30,174,16,25,62,0.0,1014,10,36,24,11.6,8.3
2018-08-28,30,171,17,24,62,0.0,1013,10,36,25,11.6,6.825
2018-08-29,29,159,15,21,65,0.0,1015,10,36,25,11.6,6.966667
2018-08-30,29,127,9,19,65,0.0,1015,10,35,23,11.6,7.5
2018-08-31,29,153,10,15,63,0.0,1013,10,35,23,11.6,5.383333
2018-09-01,29,139,9,24,65,0.1,1012,10,34,24,11.6,4.754167
2018-09-02,28,137,9,26,70,0.1,1012,10,34,24,11.6,4.6
2018-09-03,27,148,9,39,79,0.8,1013,9,32,23,11.6,8.7125
2018-09-04,27,124,9,58,80,0.5,1014,8,31,23,11.6,6.618182000000001
2018-09-05,27,99,8,42,80,0.9,1015,8,31,23,10.2,6.0
2018-09-06,27,96,6,30,76,0.2,1016,10,32,24,11.6,6.1666669999999995
2018-09-07,26,194,6,34,81,0.5,1015,9,29,23,11.6,8.291667
2018-09-08,26,195,7,39,81,0.5,1012,9,29,23,11.6,5.7916669999999995
2018-09-09,23,33,10,84,91,0.5,1012,8,24,21,6.2,3.291667
2018-09-10,22,38,10,75,85,0.0,1013,9,24,21,8.9,4.25
2018-09-11,23,43,9,65,83,0.0,1014,9,27,21,8.9,5.2083330000000005
2018-09-12,25,94,10,55,86,0.4,1014,7,29,22,11.6,5.9166669999999995
2018-09-13,25,71,11,50,86,0.2,1015,6,29,22,10.2,6.2083330000000005
2018-09-14,24,71,12,64,88,0.1,1014,9,27,22,7.5,5.9166669999999995
2018-09-15,24,82,15,65,88,0.0,1014,10,27,22,6.1,5.8333330000000005
2018-09-16,25,121,7,31,83,0.2,1014,9,29,22,11.6,4.2083330000000005
2018-09-17,27,223,5,15,73,0.1,1014,10,32,22,11.6,5.4
2018-09-18,28,199,9,17,69,0.0,1014,10,33,24,11.6,7.375
2018-09-19,27,187,9,19,71,0.0,1013,10,32,23,11.6,7.75
2018-09-20,26,158,12,47,82,0.2,1013,10,30,24,10.2,7.3
2018-09-21,27,164,13,58,83,0.5,1013,8,31,24,10.2,5.9583330000000005
2018-09-22,23,282,14,66,81,0.0,1013,10,26,20,7.4,3.041667
2018-09-23,21,275,7,83,81,0.0,1013,10,24,19,6.0,2.7
2018-09-24,24,182,4,49,79,0.0,1012,10,28,21,10.2,5.5416669999999995
2018-09-25,26,175,12,16,77,0.1,1013,10,32,22,11.6,5.5
2018-09-26,25,143,12,30,82,0.3,1016,8,29,21,10.2,8.708333
2018-09-27,20,209,13,35,67,0.0,1017,10,25,17,11.6,4.7083330000000005
2018-09-28,22,131,6,43,83,0.1,1017,9,27,18,7.4,9.333333
2018-09-29,23,114,7,63,89,0.2,1019,5,26,21,11.6,5.0833330000000005
2018-09-30,24,97,8,65,86,0.0,1018,7,28,21,10.2,6.625
2018-10-01,24,118,7,43,85,0.3,1019,6,29,21,11.6,5.0833330000000005
2018-10-02,25,146,9,46,85,0.2,1018,6,29,21,10.2,6.571428999999999
2018-10-03,26,175,11,46,82,0.0,1016,8,31,22,11.6,6.285714
2018-10-05,26,167,12,53,83,0.0,1014,8,30,23,10.2,8.538461999999999
2018-10-06,25,156,11,50,84,0.4,1013,7,29,23,11.6,5.6666669999999995
2018-10-07,25,149,15,44,86,0.1,1012,6,29,23,11.6,6.0
2018-10-08,24,130,13,65,89,0.2,1010,9,27,22,8.8,7.4
2018-10-09,24,171,12,41,85,0.2,1007,9,28,22,11.6,5.5
2018-10-10,20,154,10,9,79,0.0,1012,9,24,19,11.6,3.125
2018-10-11,18,49,12,35,73,0.0,1017,10,20,15,10.2,4.9
2018-10-12,22,138,10,45,78,0.1,1014,10,28,17,10.2,7.3333330000000005
2018-10-13,25,182,17,51,86,0.3,1009,9,30,22,10.2,5.7083330000000005
2018-10-14,25,132,11,46,84,0.1,1010,10,31,19,10.2,7.25
2018-10-15,10,223,29,97,89,0.3,1021,9,21,7,5.8,1.166667
2018-10-16,9,175,22,100,91,0.1,1022,9,10,7,4.2,1.458333
2018-10-17,11,54,19,100,92,0.1,1025,9,13,10,4.2,2.9
2018-10-18,13,19,17,100,89,0.1,1025,10,15,11,4.2,7.3333330000000005
2018-10-19,15,186,12,98,94,0.3,1021,9,16,14,4.2,6.2916669999999995
2018-10-20,17,141,16,67,87,0.0,1021,8,19,15,5.7,4.4583330000000005
2018-10-21,16,32,15,28,61,0.0,1024,10,20,12,8.7,5.4583330000000005
2018-10-22,14,83,6,64,70,0.0,1022,10,17,12,7.2,7.3333330000000005
2018-10-23,14,80,9,68,81,0.0,1021,10,17,12,4.2,5.9
2018-10-24,14,161,10,98,92,0.3,1017,8,15,12,4.2,6.5
2018-10-25,15,322,11,60,84,0.0,1014,7,19,14,5.7,3.325
2018-10-26,18,213,8,4,75,0.0,1015,10,24,14,8.7,9.583333
2018-10-27,21,230,12,3,71,0.0,1017,10,27,15,8.7,11.5
2018-10-28,21,216,13,0,66,0.0,1020,10,27,16,8.7,9.416667
2018-10-29,21,198,15,30,78,0.0,1018,10,26,17,7.2,8.0
2018-10-30,22,186,20,41,83,0.0,1014,10,27,19,5.7,6.9583330000000005
2018-10-31,22,229,17,77,87,0.9,1010,6,27,18,4.1,5.4583330000000005
2018-11-01,14,296,15,9,65,0.0,1015,10,18,10,8.7,3.916667
2018-11-02,15,228,9,2,55,0.0,1018,10,22,10,8.7,5.823529
2018-11-03,18,189,21,17,69,0.0,1014,10,23,12,8.7,5.3333330000000005
2018-11-04,17,153,13,20,72,0.1,1017,9,20,13,8.7,4.3333330000000005
2018-11-05,19,198,15,43,83,0.0,1010,10,24,14,5.6,11.666667
2018-11-06,21,172,6,42,89,0.0,1011,10,25,18,5.6,14.125
2018-11-07,23,134,10,80,87,0.1,1013,7,27,18,4.1,13.833332999999998
2018-11-08,15,19,15,100,88,0.2,1016,10,16,14,4.1,8.458333
2018-11-09,11,13,27,70,78,0.0,1024,10,13,9,5.6,3.75
2018-11-10,8,59,12,48,56,0.0,1028,10,11,7,8.7,4.4166669999999995
2018-11-11,8,76,8,89,73,0.1,1020,10,10,6,4.1,6.6666669999999995
2018-11-12,8,229,24,94,84,0.1,1021,8,10,3,4.1,3.083333
2018-11-13,3,346,23,39,59,0.0,1033,10,6,1,8.7,5.2916669999999995
2018-11-14,4,273,10,0,46,0.0,1032,10,11,-1,8.7,5.875
2018-11-15,8,190,9,32,53,0.0,1025,10,16,2,8.7,11.833333
2018-11-16,12,209,12,11,53,0.0,1022,10,18,6,8.7,11.625
2018-11-17,14,184,12,39,83,0.0,1019,9,20,8,7.1,11.625
2018-11-18,11,177,15,97,81,0.0,1023,10,16,7,4.0,6.6666669999999995
2018-11-19,8,19,13,93,72,0.0,1023,10,10,6,3.9,5.375
2018-11-20,9,66,13,0,65,0.0,1026,10,15,6,8.7,11.75
2018-11-21,9,124,7,44,71,0.0,1027,9,11,5,5.5,12.5
2018-11-22,12,103,6,41,76,0.0,1024,10,17,9,8.7,10.375
2018-11-23,16,231,14,34,69,0.0,1014,10,23,10,7.1,9.041667
2018-11-24,17,222,11,18,47,0.0,1010,10,23,13,8.7,8.75
2018-11-25,15,289,22,36,62,0.0,1012,10,18,10,8.7,5.5416669999999995
2018-11-26,8,187,15,27,44,0.0,1026,10,13,6,8.7,4.7083330000000005
2018-11-27,9,170,10,13,46,0.0,1023,10,16,4,8.7,8.583333
2018-11-28,13,199,20,40,65,0.0,1015,10,19,8,7.1,5.625
2018-11-29,17,196,18,50,87,0.0,1012,10,23,14,7.1,7.625
2018-11-30,19,184,17,85,88,0.0,1008,9,22,17,3.8,8.208333
2018-12-01,18,275,16,9,49,0.0,1005,9,23,15,8.7,6.875
2018-12-02,15,166,12,3,48,0.0,1010,10,19,12,8.7,4.75
2018-12-03,11,30,17,11,58,0.0,1019,10,14,8,8.7,2.809524
2018-12-04,7,36,13,7,60,0.0,1027,10,12,4,8.7,4.0416669999999995
2018-12-05,8,85,10,27,53,0.0,1029,10,13,4,8.7,8.458333
2018-12-06,11,115,8,95,82,0.1,1023,9,14,9,3.8,8.458333
2018-12-07,10,50,19,100,92,0.2,1023,10,12,8,3.8,2.583333
2018-12-08,7,345,23,94,84,0.0,1022,10,8,5,3.8,1.583333
2018-12-09,6,344,16,48,77,0.0,1027,10,10,3,5.4,6.4583330000000005
2018-12-10,7,278,7,2,58,0.0,1029,10,14,3,8.7,6.875
2018-12-11,9,194,13,30,67,0.0,1027,10,14,5,8.7,12.272727
2018-12-12,14,188,15,77,89,0.0,1016,8,18,10,3.8,7.5
2018-12-13,15,250,23,42,72,0.1,1008,9,20,9,8.7,4.125
2018-12-14,8,321,31,70,64,0.0,1017,10,9,6,3.8,1.666667
2018-12-15,11,326,13,1,43,0.0,1023,10,17,6,8.7,6.9166669999999995
2018-12-16,12,230,6,40,37,0.0,1025,10,18,8,5.4,9.7
2018-12-17,14,209,8,55,41,0.0,1023,10,19,11,5.4,10.958333
2018-12-18,12,139,7,56,75,0.0,1018,9,17,8,7.1,11.291667
2018-12-19,14,112,7,71,92,0.2,1011,8,16,12,7.1,11.125
2018-12-20,12,321,23,18,58,0.0,1016,10,16,10,8.7,2.190476
2018-12-21,11,258,12,1,43,0.0,1018,10,17,7,8.7,2.791667
2018-12-22,15,212,17,34,48,0.0,1014,10,23,9,8.7,10.166667
2018-12-23,12,69,15,4,57,0.0,1024,10,15,9,8.7,4.1666669999999995
2018-12-24,9,111,9,30,70,0.0,1023,9,15,6,7.1,16.25
2018-12-25,16,155,13,82,91,0.0,1017,8,20,13,5.4,7.1666669999999995
2018-12-26,18,148,24,99,93,0.4,1011,7,20,16,3.8,5.2083330000000005
2018-12-27,16,247,12,12,66,0.3,1009,9,19,12,8.7,2.708333
2018-12-28,7,21,20,11,63,0.0,1019,10,10,5,8.7,4.3333330000000005
2018-12-29,6,100,21,82,66,0.0,1024,10,6,5,5.4,5.9583330000000005
2018-12-30,5,153,10,100,82,0.2,1019,9,6,4,3.8,11.541667
2018-12-31,9,232,10,25,71,0.0,1014,10,16,4,8.7,22.625
2019-01-01,7,15,13,41,72,0.0,1022,10,10,3,5.4,41.041667
2019-01-02,4,121,13,97,84,2.0,1021,7,4,3,3.8,6.625
2019-01-03,5,315,11,59,74,0.4,1018,8,8,2,5.4,7.125
2019-01-04,9,308,5,2,66,0.0,1019,10,14,1,8.7,10.875
2019-01-05,12,216,5,0,67,0.0,1020,10,17,3,8.7,14.958332999999998
2019-01-06,14,182,7,45,79,0.0,1018,10,19,6,7.1,10.916667
2019-01-07,17,221,6,59,76,0.0,1019,8,21,12,5.4,7.9565220000000005
2019-01-08,16,225,5,19,70,0.0,1023,8,20,11,8.7,8.6
2019-01-09,12,40,9,25,56,0.0,1030,10,14,8,8.7,3.058824
2019-01-10,10,125,3,49,60,0.0,1026,10,13,6,7.1,6.5833330000000005
2019-01-11,11,150,6,88,85,0.2,1018,9,14,8,3.8,6.9166669999999995
2019-01-12,12,319,12,30,78,0.1,1021,10,13,10,8.7,4.375
2019-01-13,8,19,9,4,70,0.0,1028,10,12,2,8.7,7.5416669999999995
2019-01-14,7,35,6,24,69,0.0,1030,10,11,2,8.7,14.5
2019-01-15,9,153,4,84,73,0.0,1026,10,12,5,3.8,14.375
2019-01-16,14,168,6,90,78,0.0,1021,9,18,8,3.8,15.0
2019-01-17,17,287,6,25,74,0.0,1020,8,23,10,8.7,5.6666669999999995
2019-01-18,18,200,9,33,79,0.0,1013,10,22,11,8.7,10.041667
2019-01-19,9,335,22,11,51,0.0,1019,10,11,7,8.7,3.291667
2019-01-20,6,54,7,8,52,0.0,1028,10,12,0,8.7,3.875
2019-01-21,9,167,12,18,68,0.0,1020,10,15,1,8.7,6.4583330000000005
2019-01-22,15,187,13,93,72,0.1,1012,10,19,11,3.9,6.5
2019-01-23,6,338,15,31,52,0.3,1021,9,8,2,10.7,5.3333330000000005
2019-01-24,9,182,5,1,55,0.0,1021,10,15,1,10.8,10.076922999999999
2019-01-25,7,116,7,76,64,0.0,1026,10,12,3,5.4,7.375
2019-01-26,11,74,4,52,76,0.0,1023,10,14,6,10.0,6.9583330000000005
2019-01-27,11,342,3,39,73,0.8,1022,8,16,5,10.8,8.375
2019-01-28,13,211,14,28,63,0.0,1013,10,19,7,10.8,7.3333330000000005
2019-01-29,5,36,14,24,43,0.0,1026,10,8,1,10.8,2.958333
2019-01-30,7,131,6,80,50,0.0,1024,10,12,2,5.4,5.375
2019-01-31,11,130,6,100,76,0.0,1020,6,15,5,5.4,7.7083330000000005
2019-02-01,15,84,7,97,87,0.1,1018,8,19,11,5.4,7.9583330000000005
2019-02-02,16,136,7,92,87,0.0,1016,6,19,13,5.4,11.833333
2019-02-03,18,196,10,94,80,0.0,1011,7,22,13,5.4,11.25
2019-02-04,20,216,8,76,80,0.0,1010,11,25,15,7.0,17.5
2019-02-05,20,187,12,84,90,0.0,1012,9,21,18,5.5,22.090909
2019-02-06,21,192,18,100,92,0.1,1011,8,23,20,5.5,19.0
2019-02-07,19,330,17,75,56,0.4,1017,10,20,19,7.0,9.041667
2019-02-08,2,29,16,62,50,0.0,1035,10,6,0,7.0,7.4166669999999995
2019-02-09,3,55,10,99,71,0.0,1032,19,5,1,5.5,9.666667
2019-02-10,7,175,3,99,90,0.0,1022,13,10,4,5.5,7.0416669999999995
2019-02-11,16,221,7,87,89,0.1,1013,8,19,11,5.5,12.083333
2019-02-12,12,126,9,8,46,0.0,1022,11,16,8,11.0,6.0
2019-02-13,12,168,10,17,60,0.0,1023,14,17,3,10.1,8.291667
2019-02-14,18,207,15,12,74,0.0,1009,14,23,13,11.1,7.25
2019-02-15,23,241,10,8,57,0.0,1008,13,30,14,11.1,12.041667
2019-02-16,11,35,8,46,70,0.0,1008,15,14,9,10.1,16.833333
2019-02-17,16,11,11,16,55,0.0,1011,15,20,13,11.1,11.583333
2019-02-18,11,49,15,37,61,0.0,1018,11,13,8,10.1,5.0833330000000005
2019-02-19,7,31,11,90,80,0.1,1014,7,9,5,5.6,5.5
2019-02-20,11,316,7,34,60,0.0,1015,10,17,3,11.2,4.625
2019-02-21,11,71,6,82,72,0.0,1014,10,13,5,5.6,6.6666669999999995
2019-02-22,13,205,6,75,86,0.0,1014,10,17,9,7.1,8.458333
2019-02-23,17,291,12,57,55,0.0,1014,17,18,12,8.6,7.0
2019-02-24,12,38,7,0,47,0.0,1023,10,16,5,11.2,3.75
2019-02-25,13,127,7,25,66,0.0,1022,10,18,5,11.3,6.8333330000000005
2019-02-26,15,78,6,97,78,0.0,1022,7,20,10,5.6,10.791667
2019-02-27,18,148,7,90,80,0.0,1019,5,23,14,5.8,10.708333
2019-02-28,8,23,10,92,75,0.0,1018,9,10,6,5.9,11.791667
2019-03-01,10,114,6,84,81,0.0,1017,10,14,6,5.9,26.791666999999997
2019-03-02,11,34,8,98,87,0.0,1016,8,13,10,5.9,21.333333
2019-03-03,8,6,16,61,76,0.0,1017,8,9,4,8.7,6.9166669999999995
2019-03-04,0,16,19,32,54,0.0,1026,10,3,-3,10.2,7.565217
2019-03-05,3,13,13,43,44,0.0,1032,10,7,-3,7.3,7.478261
2019-03-06,7,133,7,20,50,0.0,1031,10,11,-1,11.6,11.291667
2019-03-07,14,192,10,52,76,0.0,1020,10,19,5,10.2,9.0
2019-03-08,19,201,12,85,78,0.0,1013,10,22,14,5.9,8.583333
2019-03-09,20,277,14,72,67,0.1,1008,6,23,17,8.8,14.916667000000002
2019-03-10,17,98,9,80,57,0.1,1015,8,22,12,5.9,14.75
2019-03-11,18,27,10,98,77,0.1,1016,9,21,15,6.0,16.545455
2019-03-12,17,147,14,92,79,0.3,1008,6,19,15,6.0,11.458333
2019-03-13,17,244,10,56,61,0.4,1008,9,21,13,8.8,9.541667
2019-03-14,19,325,17,58,49,0.0,1014,10,23,11,10.2,8.625
2019-03-15,13,25,21,30,38,0.0,1027,10,16,10,11.6,2.708333
2019-03-16,13,56,13,27,38,0.0,1028,11,17,8,11.6,4.4166669999999995
2019-03-17,14,59,10,15,41,0.0,1026,20,19,8,11.6,6.5416669999999995
2019-03-18,15,83,11,20,47,0.0,1025,20,20,10,11.6,11.266667
2019-03-19,16,136,10,28,48,0.0,1024,10,21,10,11.6,13.041667
2019-03-20,17,206,7,61,65,0.0,1023,10,23,12,6.0,13.333332999999998
2019-03-21,20,200,6,27,54,0.0,1023,10,26,12,11.6,8.458333
2019-03-22,20,164,14,26,58,0.0,1019,10,25,14,10.2,12.125
2019-03-23,18,166,15,86,74,0.0,1018,9,20,12,6.1,9.291667
2019-03-24,21,194,16,78,84,0.0,1017,8,23,14,6.1,8.625
2019-03-25,22,124,13,56,75,0.0,1019,10,25,18,8.8,8.458333
2019-03-26,19,63,14,10,60,0.0,1025,10,24,13,11.6,6.8333330000000005
2019-03-27,19,149,15,17,67,0.0,1024,11,24,12,11.6,10.0
2019-03-28,20,168,20,26,69,0.0,1020,20,26,13,11.6,8.75
2019-03-29,20,175,20,79,80,0.0,1015,19,25,16,6.1,8.416667
2019-03-30,19,168,19,81,79,0.1,1015,19,24,16,6.1,4.4166669999999995
2019-03-31,11,19,22,21,46,0.0,1026,10,14,8,11.6,4.125
2019-04-01,12,27,9,17,50,0.0,1024,10,19,6,11.6,5.181818
2019-04-02,15,164,12,29,52,0.0,1022,10,21,7,11.6,7.363636
2019-04-03,16,151,17,98,85,0.1,1019,9,18,10,6.2,7.2
2019-04-04,24,229,14,52,74,0.1,1014,8,31,18,8.9,12.4
2019-04-05,23,113,9,74,81,0.0,1014,10,27,19,7.5,17.791667
2019-04-06,23,183,13,90,85,0.5,1011,7,25,20,6.2,14.708332999999998
2019-04-07,24,146,10,52,71,0.3,1013,6,31,20,10.3,7.875
2019-04-08,24,309,14,41,51,0.0,1014,10,30,17,11.6,5.9166669999999995
2019-04-09,26,162,9,0,50,0.0,1013,10,31,20,11.6,9.833333
2019-04-10,26,186,25,0,53,0.0,1004,10,33,18,11.6,9.541667
2019-04-11,25,289,18,8,34,0.0,1004,10,29,18,11.6,8.875
2019-04-12,20,91,13,23,57,0.1,1009,10,27,12,11.6,8.25
2019-04-13,24,237,25,61,65,0.5,1003,7,28,19,8.9,6.2916669999999995
2019-04-14,16,325,18,2,46,0.0,1017,10,23,9,11.6,5.9583330000000005
2019-04-15,20,180,20,18,56,0.0,1016,10,26,12,11.6,7.0416669999999995
2019-04-16,21,170,23,85,81,0.0,1015,9,25,16,6.3,6.2083330000000005
2019-04-17,25,187,24,86,82,0.1,1009,8,28,20,6.5,13.958332999999998
2019-04-18,23,320,19,53,58,1.5,1008,8,27,19,10.3,4.9583330000000005
2019-04-19,20,344,19,8,38,0.0,1018,10,23,16,13.0,2.416667
2019-04-20,21,186,12,0,50,0.0,1018,10,27,13,13.4,5.5
2019-04-21,23,177,24,6,67,0.0,1014,10,29,15,13.4,5.8333330000000005
2019-04-22,22,161,20,88,79,0.0,1015,9,27,19,9.6,6.3333330000000005
2019-04-23,23,156,19,84,82,0.1,1014,10,26,19,8.4,12.041667
2019-04-24,22,151,19,91,85,1.2,1010,8,25,19,8.4,3.666667
2019-04-25,23,298,12,4,57,0.0,1012,10,31,14,13.5,5.5
2019-04-26,23,41,12,3,55,0.0,1019,10,27,17,13.5,7.0
2019-04-27,24,190,19,4,63,0.0,1013,10,29,18,13.5,9.791667
2019-04-28,23,161,19,52,78,0.0,1012,10,29,18,10.9,7.6666669999999995
2019-04-29,24,165,21,73,79,0.0,1012,8,30,19,9.7,13.083333
2019-04-30,25,171,24,90,83,0.1,1012,10,28,23,8.5,15.791667000000002
2019-05-01,25,150,20,84,84,0.2,1012,9,27,23,8.5,14.958332999999998
2019-05-02,26,161,19,80,82,1.4,1013,9,30,20,8.5,6.2083330000000005
2019-05-03,24,175,13,88,85,3.4,1011,5,26,20,8.5,5.75
2019-05-04,24,31,9,61,74,1.1,1011,9,29,19,9.7,4.9166669999999995
2019-05-05,24,151,12,13,71,0.0,1012,10,30,18,13.7,8.791667
2019-05-06,23,145,14,62,81,0.0,1013,10,26,20,9.7,10.833333
2019-05-07,25,141,15,71,82,0.5,1012,7,29,21,9.8,10.041667
2019-05-08,27,191,22,76,83,0.7,1006,7,30,22,9.8,6.875
2019-05-09,28,89,15,76,77,0.0,1009,7,31,22,10.9,15.75
2019-05-10,15,18,22,99,77,0.1,1014,9,20,13,8.6,5.375
2019-05-11,19,244,11,81,80,0.2,1012,10,23,16,9.8,5.0416669999999995
2019-05-12,21,136,10,2,67,0.0,1012,10,26,15,13.8,3.958333
2019-05-13,23,110,9,8,67,0.0,1013,10,28,16,13.8,6.6666669999999995
2019-05-14,25,122,9,68,69,0.4,1015,9,28,20,9.8,12.857142999999999
2019-05-15,25,125,9,44,71,0.2,1015,9,29,19,12.2,10.791667
2019-05-16,26,161,12,15,70,0.0,1015,10,30,19,13.8,10.708333
2019-05-17,27,166,19,81,79,0.1,1010,9,31,22,8.6,15.0
2019-05-18,26,193,22,91,84,0.2,1006,10,28,21,8.7,20.875
2019-05-19,29,166,12,57,76,0.1,1009,10,33,24,12.2,24.458333
2019-05-20,28,161,26,80,78,0.1,1008,8,32,25,8.7,17.25
2019-05-21,29,264,20,53,55,0.7,1005,8,33,25,11.0,12.666667
2019-05-22,27,166,20,64,78,0.0,1008,7,32,22,11.0,21.916667
2019-05-23,28,155,26,76,75,0.1,1013,9,33,25,9.9,15.083332999999998
2019-05-24,28,155,25,75,72,0.1,1014,8,32,25,8.7,11.458333
2019-05-25,28,154,22,71,74,0.1,1015,10,32,23,8.7,9.458333
2019-05-26,28,160,20,57,73,0.0,1015,10,32,22,11.0,9.708333
2019-05-27,27,170,22,59,72,0.0,1012,10,32,22,11.0,10.583333
2019-05-28,28,177,23,84,74,0.0,1008,10,33,24,9.9,11.75
2019-05-29,29,175,24,82,76,0.1,1007,10,32,24,8.7,12.0
2019-05-30,27,29,11,84,79,0.5,1012,9,30,24,8.7,7.6666669999999995
2019-05-31,28,131,9,84,74,0.5,1014,9,33,23,8.7,10.666667
2019-06-01,29,150,9,71,74,0.1,1013,10,33,24,8.7,9.125
2019-06-02,28,158,12,39,72,0.0,1013,10,33,24,12.2,7.2916669999999995
2019-06-03,29,148,13,45,70,0.0,1014,10,33,24,11.0,6.7916669999999995
2019-06-04,29,148,12,69,70,0.1,1013,10,33,24,11.1,6.9166669999999995
2019-06-05,30,66,8,79,74,0.3,1009,10,33,24,8.8,4.5416669999999995
2019-06-06,31,277,6,69,68,0.4,1008,9,39,22,11.1,5.375
2019-06-07,30,320,13,10,45,0.0,1008,10,34,24,14.0,5.9583330000000005
2019-06-08,32,230,8,2,52,0.0,1009,11,37,25,14.0,9.125
2019-06-09,32,166,9,4,59,0.0,1012,19,37,26,14.0,10.25
2019-06-10,26,19,20,47,66,0.5,1020,9,30,24,12.2,7.1666669999999995
2019-06-11,25,47,10,48,57,0.0,1019,16,27,22,13.4,9.708333
2019-06-12,28,41,8,11,55,0.0,1016,20,33,21,14.0,11.25
2019-06-13,28,93,13,12,43,0.0,1018,20,32,21,14.1,6.6666669999999995
2019-06-14,29,180,19,22,56,0.0,1015,20,34,22,14.1,10.375
2019-06-15,30,184,24,65,67,0.0,1011,20,36,23,11.1,8.166667
2019-06-16,31,183,22,70,66,0.8,1010,20,35,25,9.9,8.666667
2019-06-17,30,186,11,48,67,0.0,1011,20,36,24,12.2,5.2916669999999995
2019-06-18,31,172,9,47,63,0.0,1012,18,35,24,13.4,8.75
2019-06-19,33,197,20,18,59,0.0,1009,10,39,25,14.1,11.041667
2019-06-20,32,190,20,45,66,0.0,1008,10,39,25,12.2,17.958333
2019-06-21,33,179,25,67,66,0.0,1010,10,39,26,11.1,15.75
2019-06-22,31,175,26,68,68,0.1,1011,10,36,27,11.1,14.291667000000002
2019-06-23,30,180,26,80,69,0.0,1010,10,34,27,9.9,12.75
2019-06-24,32,177,17,64,66,0.1,1010,10,37,27,11.1,8.208333
2019-06-25,30,137,13,57,65,0.1,1014,10,34,24,8.8,8.333333
2019-06-26,27,142,14,43,69,0.0,1018,10,32,22,14.1,14.583332999999998
2019-06-27,31,155,13,51,66,0.0,1020,10,36,24,13.4,18.75
2019-06-28,31,182,10,45,63,0.1,1019,10,37,24,14.1,18.083333
2019-06-29,31,204,10,58,57,0.0,1017,10,37,24,12.2,20.041667
2019-06-30,29,237,17,74,61,0.7,1016,8,32,25,9.9,9.291667
2019-07-01,29,195,15,59,63,0.3,1015,9,35,24,12.2,13.958332999999998
2019-07-02,30,171,16,56,67,0.2,1014,9,35,23,13.4,6.8333330000000005
2019-07-03,29,183,15,59,69,0.0,1012,10,34,23,11.1,12.625
2019-07-04,31,177,22,56,66,0.3,1013,9,36,25,11.1,21.416667
2019-07-05,31,177,20,59,65,0.0,1016,10,37,26,12.2,13.958332999999998
2019-07-06,32,168,16,48,59,0.0,1017,10,38,25,13.4,12.833333
2019-07-07,32,201,14,35,59,0.0,1015,10,38,25,14.0,10.043478
2019-07-08,32,205,15,37,59,0.0,1013,10,39,25,13.4,7.3333330000000005
2019-07-09,33,189,16,42,58,0.0,1012,10,39,26,14.0,14.791667000000002
2019-07-10,34,141,12,48,60,0.1,1013,9,39,26,14.0,9.5
2019-07-11,33,30,12,49,54,0.2,1013,10,37,28,12.2,6.2083330000000005
2019-07-12,32,21,15,31,47,0.0,1010,10,36,27,13.3,8.541667
2019-07-13,31,8,16,75,53,0.0,1010,10,34,26,8.7,9.583333
2019-07-14,31,12,13,50,59,0.2,1012,10,35,27,12.2,6.5416669999999995
2019-07-15,33,216,7,51,58,0.2,1012,10,37,27,14.0,16.0
2019-07-16,32,190,19,36,64,0.0,1014,10,37,26,13.9,9.25
2019-07-17,31,172,19,58,66,0.0,1015,10,37,25,11.0,8.708333
2019-07-18,31,180,20,42,64,0.0,1014,10,38,25,12.2,7.3333330000000005
2019-07-19,32,171,21,25,63,0.0,1013,10,37,24,13.9,8.958333
2019-07-20,32,174,19,15,57,0.0,1013,10,38,24,13.9,14.458332999999998
2019-07-21,32,180,17,6,53,0.0,1013,10,38,24,13.9,15.666667000000002
2019-07-22,33,92,10,32,54,0.0,1014,10,38,25,13.9,12.083333
2019-07-23,30,25,20,40,48,0.2,1017,10,33,25,13.3,7.75
2019-07-24,29,33,16,4,38,0.0,1018,10,33,23,13.9,8.25
2019-07-25,28,64,12,2,38,0.0,1018,10,34,21,13.9,9.875
2019-07-26,30,112,9,5,43,0.0,1018,10,35,23,13.8,12.458333
2019-07-27,31,108,11,24,49,0.0,1018,10,37,25,13.3,10.333333
2019-07-28,31,189,17,30,57,0.0,1016,10,36,25,13.8,15.25
2019-07-29,32,193,17,59,59,0.0,1015,10,38,25,11.0,11.5
2019-07-30,33,250,12,66,59,0.1,1015,10,39,26,9.8,12.958333
2019-07-31,34,125,9,30,53,0.1,1015,10,39,26,13.8,17.416667
2019-08-01,33,128,12,14,50,0.0,1015,10,39,26,13.8,12.608696
2019-08-02,34,106,10,30,52,0.0,1014,10,39,27,13.3,10.833333
2019-08-03,27,142,10,54,64,0.1,1013,10,29,21,10.9,9.25
2019-08-04,28,179,12,69,68,0.7,1012,9,33,26,10.9,8.5
2019-08-05,33,151,10,67,60,0.4,1013,9,37,26,10.9,8.0
2019-08-06,33,141,10,49,60,0.1,1012,10,38,26,13.3,7.7916669999999995
2019-08-07,33,192,14,25,57,0.0,1012,10,39,26,13.7,13.666667000000002
2019-08-08,33,191,17,22,55,0.0,1012,10,39,27,13.7,12.625
2019-08-09,33,186,20,15,55,0.0,1012,10,40,26,13.6,13.863635999999998
2019-08-10,33,184,18,29,56,0.0,1013,10,40,26,13.3,10.0
2019-08-11,33,195,16,25,55,0.0,1014,10,39,26,13.3,7.9583330000000005
2019-08-12,34,191,16,13,52,0.0,1012,10,41,27,13.6,8.333333
2019-08-13,35,144,15,17,49,0.0,1011,10,41,27,13.6,8.166667
2019-08-14,34,130,12,27,54,0.1,1013,10,39,28,13.6,10.5
2019-08-15,34,91,7,56,53,0.2,1014,9,39,28,10.9,10.25
2019-08-16,35,223,10,9,52,0.0,1012,10,41,28,13.5,11.434783
2019-08-17,33,180,16,38,56,0.0,1010,10,39,27,13.3,10.083333
2019-08-18,33,187,19,30,56,0.0,1011,10,40,27,13.1,10.916667
2019-08-19,33,171,16,31,57,0.0,1013,10,39,27,13.1,10.125
2019-08-20,33,174,13,29,53,0.0,1015,10,37,27,11.6,22.791667
2019-08-21,33,172,13,41,50,0.0,1014,10,38,26,11.6,17.583333
2019-08-22,32,155,15,32,55,0.2,1013,10,39,26,11.6,11.041667
2019-08-23,32,140,11,48,62,0.3,1012,10,36,26,11.6,5.7916669999999995
2019-08-24,33,207,10,55,62,0.6,1012,9,38,27,9.1,7.4583330000000005
2019-08-25,32,216,10,46,60,0.1,1009,10,36,27,11.6,13.333332999999998
2019-08-26,32,182,16,7,58,0.0,1008,10,38,26,11.6,21.833333
2019-08-27,33,167,16,27,58,0.0,1011,10,38,27,11.6,10.0
2019-08-28,33,95,8,57,56,0.4,1015,9,37,28,10.3,9.541667
2019-08-29,31,169,10,67,62,1.0,1015,8,33,27,7.6,11.5
2019-08-30,31,147,12,32,60,0.1,1015,10,36,26,11.6,10.083333
2019-08-31,31,146,9,44,60,0.1,1015,9,36,26,10.3,7.75
2019-09-01,30,86,8,70,58,0.5,1016,9,34,27,7.6,10.708333
2019-09-02,32,65,11,6,46,0.0,1016,10,36,27,11.6,12.041667
2019-09-03,33,66,11,14,46,0.0,1014,10,35,28,11.6,9.583333
2019-09-04,32,75,12,48,51,0.1,1015,10,36,28,8.9,11.142857000000001
2019-09-05,32,109,11,10,50,0.0,1017,10,37,28,11.6,9.75
2019-09-06,34,192,10,11,49,0.0,1016,10,39,27,11.6,10.25
2019-09-07,32,169,13,5,42,0.0,1015,10,37,27,11.6,9.666667
2019-09-08,32,172,18,26,58,0.0,1014,10,38,25,11.6,11.25
2019-09-09,30,162,17,52,65,0.1,1014,10,34,25,10.2,8.416667
2019-09-10,30,152,15,68,63,0.5,1016,9,34,25,8.9,8.916667
2019-09-11,30,177,16,63,67,0.7,1017,8,35,25,8.9,8.708333
2019-09-12,29,173,12,56,67,0.1,1016,10,34,24,10.2,7.0833330000000005
2019-09-13,30,124,11,23,60,0.1,1018,10,35,25,11.6,9.541667
2019-09-14,32,93,9,47,49,0.1,1018,10,36,27,10.2,13.291667000000002
2019-09-15,0,0,11,81,42,0.0,1015,10,0,0,11.6,11.416667
2019-09-16,9,158,11,34,49,0.0,1015,10,35,0,11.6,9.166667
2019-09-17,29,45,11,55,64,0.2,1012,10,33,25,8.8,5.283333
2019-09-18,29,333,8,71,64,0.1,1011,10,33,25,7.5,4.5125
2019-09-19,32,200,10,67,59,0.5,1010,9,36,27,7.5,10.541667
2019-09-20,30,168,23,75,71,1.7,1013,7,34,26,6.1,7.1666669999999995
2019-09-21,29,153,19,74,73,0.2,1016,9,33,25,6.1,8.041667
2019-09-22,29,188,15,55,70,0.0,1015,10,33,24,8.8,5.7083330000000005
2019-09-23,29,185,12,31,69,0.0,1015,10,33,24,11.6,7.0833330000000005
2019-09-24,29,174,14,57,70,0.3,1012,10,33,25,6.0,5.9166669999999995
2019-09-25,28,199,13,35,69,0.2,1011,10,33,24,11.6,6.0833330000000005
2019-09-26,30,162,12,14,61,0.0,1011,10,35,24,11.6,6.4166669999999995
2019-09-27,29,179,15,52,72,0.0,1010,10,33,24,8.8,6.125
2019-09-28,29,161,17,68,73,0.1,1011,10,33,25,8.8,6.375
2019-09-29,30,156,19,74,71,0.1,1014,10,33,25,6.0,6.875
2019-09-30,30,151,19,80,73,0.2,1015,10,33,25,7.4,7.7083330000000005
